"Nivel, calidad y condiciones de vida",,,,,,,,,,,,,,,,,,,,,,,,,,,,,,,,,,,,,,,,,,,,,,,,,,,,,,,,,,,,,,,,,,,,,,,,,,,,,,,,,,,,,,,,,,,,,,,,,,,,,,,,,,,,,,,,,,,,,,,,,,,,,,,,,,,,,,,,,,,,,,,,,,,,,,,,,,,,,,,,,,,,,,,,,,,,,,,,,,,,,,,,,,,,,,,,,,,,,,,,,,,,,,,,,,,,,,,,,,,,,,,,,,,,,,,,,,,,,,,,,,,,,,,,,,,,,,,,,,,,,,,,,,,,,,,,,,,,,,,,,,,,,,,,,,,,,,,,,,,,,,,,,,,,,,,,,,,,,,,,,,,,,,,,,,,,,,,,,,,,,,,,,,,,,,,,,,,,,,,,,,,,,,,,,,,,,,,,,,,,,,,,,,,,,,,,,,,,,,,,,,,,,,,,,,,,,,,,,,,,,,,,,,,,,,,,,,,,,,,,,,,,,,,,,,,,,,,,,,,,,,,,,,,,,,,,,,,,,,,,,,,,,,,,,,,,,,,,,,,,,,,,,,,,,,,,,,,,,,,,,,,,,,,,,,,,,,,,,,,,,,,,,,,,,,,,,,,,,,,,,,,,,,,,,,,,,,,,,,,,,,,,,,,,,,,,,,,,,,,,,,,,,,,,,,,,,,,,,,,,,,,,,,,,,,,,,,,,,,,,,,,,,,,,,,,,,,,,,,,,,,,,,,,,,,,,,,,,,,,,,,,,,,,,,,,,,,,,,,,,,,,,,,,,,,,,,,,,,,,,,,,,,,,,,,,,,,,,,,,,,,,,,,,,,,,,,,,,,,,,,,,,,,,,,,,,,,,,,,,,,,,,,,,,,,,,,,,,,,,,,,,,,,,,,,,,,,,,,,,,,,,,,,,,,,,,,,,,,,,,,,,,,,,,,,,,,,,,,,,,,,,,,,,,,,,,,,,,,,,,,,,,,,,,,,,,,,,,,,,,,,,,,,,,,,,,,,,,,,,,,,,,,,,,,,,,,,,,,,,,,,,,,,,,,,,,,,,,,,,,,,,,,,,,,,,,,,,,,,,,,,,,,,,,,,,,,,,,,,,,,,,,,,,,,,,,,,,,,,,,,,,,,,,,,,,,,,,,,,,,,,,,
Índice de precios de consumo armonizado,,,,,,,,,,,,,,,,,,,,,,,,,,,,,,,,,,,,,,,,,,,,,,,,,,,,,,,,,,,,,,,,,,,,,,,,,,,,,,,,,,,,,,,,,,,,,,,,,,,,,,,,,,,,,,,,,,,,,,,,,,,,,,,,,,,,,,,,,,,,,,,,,,,,,,,,,,,,,,,,,,,,,,,,,,,,,,,,,,,,,,,,,,,,,,,,,,,,,,,,,,,,,,,,,,,,,,,,,,,,,,,,,,,,,,,,,,,,,,,,,,,,,,,,,,,,,,,,,,,,,,,,,,,,,,,,,,,,,,,,,,,,,,,,,,,,,,,,,,,,,,,,,,,,,,,,,,,,,,,,,,,,,,,,,,,,,,,,,,,,,,,,,,,,,,,,,,,,,,,,,,,,,,,,,,,,,,,,,,,,,,,,,,,,,,,,,,,,,,,,,,,,,,,,,,,,,,,,,,,,,,,,,,,,,,,,,,,,,,,,,,,,,,,,,,,,,,,,,,,,,,,,,,,,,,,,,,,,,,,,,,,,,,,,,,,,,,,,,,,,,,,,,,,,,,,,,,,,,,,,,,,,,,,,,,,,,,,,,,,,,,,,,,,,,,,,,,,,,,,,,,,,,,,,,,,,,,,,,,,,,,,,,,,,,,,,,,,,,,,,,,,,,,,,,,,,,,,,,,,,,,,,,,,,,,,,,,,,,,,,,,,,,,,,,,,,,,,,,,,,,,,,,,,,,,,,,,,,,,,,,,,,,,,,,,,,,,,,,,,,,,,,,,,,,,,,,,,,,,,,,,,,,,,,,,,,,,,,,,,,,,,,,,,,,,,,,,,,,,,,,,,,,,,,,,,,,,,,,,,,,,,,,,,,,,,,,,,,,,,,,,,,,,,,,,,,,,,,,,,,,,,,,,,,,,,,,,,,,,,,,,,,,,,,,,,,,,,,,,,,,,,,,,,,,,,,,,,,,,,,,,,,,,,,,,,,,,,,,,,,,,,,,,,,,,,,,,,,,,,,,,,,,,,,,,,,,,,,,,,,,,,,,,,,,,,,,,,,,,,,,,,,,,,,,,,,,,,,,,,,,,,,,,,,,,,,,,,,,,,,,,,,,,,,,,,,,,,,,,,,,,,,,,,,,,,,,,,,,,,,,,,,
,,,,,,,,,,,,,,,,,,,,,,,,,,,,,,,,,,,,,,,,,,,,,,,,,,,,,,,,,,,,,,,,,,,,,,,,,,,,,,,,,,,,,,,,,,,,,,,,,,,,,,,,,,,,,,,,,,,,,,,,,,,,,,,,,,,,,,,,,,,,,,,,,,,,,,,,,,,,,,,,,,,,,,,,,,,,,,,,,,,,,,,,,,,,,,,,,,,,,,,,,,,,,,,,,,,,,,,,,,,,,,,,,,,,,,,,,,,,,,,,,,,,,,,,,,,,,,,,,,,,,,,,,,,,,,,,,,,,,,,,,,,,,,,,,,,,,,,,,,,,,,,,,,,,,,,,,,,,,,,,,,,,,,,,,,,,,,,,,,,,,,,,,,,,,,,,,,,,,,,,,,,,,,,,,,,,,,,,,,,,,,,,,,,,,,,,,,,,,,,,,,,,,,,,,,,,,,,,,,,,,,,,,,,,,,,,,,,,,,,,,,,,,,,,,,,,,,,,,,,,,,,,,,,,,,,,,,,,,,,,,,,,,,,,,,,,,,,,,,,,,,,,,,,,,,,,,,,,,,,,,,,,,,,,,,,,,,,,,,,,,,,,,,,,,,,,,,,,,,,,,,,,,,,,,,,,,,,,,,,,,,,,,,,,,,,,,,,,,,,,,,,,,,,,,,,,,,,,,,,,,,,,,,,,,,,,,,,,,,,,,,,,,,,,,,,,,,,,,,,,,,,,,,,,,,,,,,,,,,,,,,,,,,,,,,,,,,,,,,,,,,,,,,,,,,,,,,,,,,,,,,,,,,,,,,,,,,,,,,,,,,,,,,,,,,,,,,,,,,,,,,,,,,,,,,,,,,,,,,,,,,,,,,,,,,,,,,,,,,,,,,,,,,,,,,,,,,,,,,,,,,,,,,,,,,,,,,,,,,,,,,,,,,,,,,,,,,,,,,,,,,,,,,,,,,,,,,,,,,,,,,,,,,,,,,,,,,,,,,,,,,,,,,,,,,,,,,,,,,,,,,,,,,,,,,,,,,,,,,,,,,,,,,,,,,,,,,,,,,,,,,,,,,,,,,,,,,,,,,,,,,,,,,,,,,,,,,,,,,,,,,,,,,,,,,,,,,,,,,,,,,,,,,,,,,,,,,,,,,,,,,,,
Índices nacionales de grupos especiales,,,,,,,,,,,,,,,,,,,,,,,,,,,,,,,,,,,,,,,,,,,,,,,,,,,,,,,,,,,,,,,,,,,,,,,,,,,,,,,,,,,,,,,,,,,,,,,,,,,,,,,,,,,,,,,,,,,,,,,,,,,,,,,,,,,,,,,,,,,,,,,,,,,,,,,,,,,,,,,,,,,,,,,,,,,,,,,,,,,,,,,,,,,,,,,,,,,,,,,,,,,,,,,,,,,,,,,,,,,,,,,,,,,,,,,,,,,,,,,,,,,,,,,,,,,,,,,,,,,,,,,,,,,,,,,,,,,,,,,,,,,,,,,,,,,,,,,,,,,,,,,,,,,,,,,,,,,,,,,,,,,,,,,,,,,,,,,,,,,,,,,,,,,,,,,,,,,,,,,,,,,,,,,,,,,,,,,,,,,,,,,,,,,,,,,,,,,,,,,,,,,,,,,,,,,,,,,,,,,,,,,,,,,,,,,,,,,,,,,,,,,,,,,,,,,,,,,,,,,,,,,,,,,,,,,,,,,,,,,,,,,,,,,,,,,,,,,,,,,,,,,,,,,,,,,,,,,,,,,,,,,,,,,,,,,,,,,,,,,,,,,,,,,,,,,,,,,,,,,,,,,,,,,,,,,,,,,,,,,,,,,,,,,,,,,,,,,,,,,,,,,,,,,,,,,,,,,,,,,,,,,,,,,,,,,,,,,,,,,,,,,,,,,,,,,,,,,,,,,,,,,,,,,,,,,,,,,,,,,,,,,,,,,,,,,,,,,,,,,,,,,,,,,,,,,,,,,,,,,,,,,,,,,,,,,,,,,,,,,,,,,,,,,,,,,,,,,,,,,,,,,,,,,,,,,,,,,,,,,,,,,,,,,,,,,,,,,,,,,,,,,,,,,,,,,,,,,,,,,,,,,,,,,,,,,,,,,,,,,,,,,,,,,,,,,,,,,,,,,,,,,,,,,,,,,,,,,,,,,,,,,,,,,,,,,,,,,,,,,,,,,,,,,,,,,,,,,,,,,,,,,,,,,,,,,,,,,,,,,,,,,,,,,,,,,,,,,,,,,,,,,,,,,,,,,,,,,,,,,,,,,,,,,,,,,,,,,,,,,,,,,,,,,,,,,,,,,,,,,,,,,,,,,,,,,,,,,,,,,,,,,,
"Unidades: Índice, Tasas",,,,,,,,,,,,,,,,,,,,,,,,,,,,,,,,,,,,,,,,,,,,,,,,,,,,,,,,,,,,,,,,,,,,,,,,,,,,,,,,,,,,,,,,,,,,,,,,,,,,,,,,,,,,,,,,,,,,,,,,,,,,,,,,,,,,,,,,,,,,,,,,,,,,,,,,,,,,,,,,,,,,,,,,,,,,,,,,,,,,,,,,,,,,,,,,,,,,,,,,,,,,,,,,,,,,,,,,,,,,,,,,,,,,,,,,,,,,,,,,,,,,,,,,,,,,,,,,,,,,,,,,,,,,,,,,,,,,,,,,,,,,,,,,,,,,,,,,,,,,,,,,,,,,,,,,,,,,,,,,,,,,,,,,,,,,,,,,,,,,,,,,,,,,,,,,,,,,,,,,,,,,,,,,,,,,,,,,,,,,,,,,,,,,,,,,,,,,,,,,,,,,,,,,,,,,,,,,,,,,,,,,,,,,,,,,,,,,,,,,,,,,,,,,,,,,,,,,,,,,,,,,,,,,,,,,,,,,,,,,,,,,,,,,,,,,,,,,,,,,,,,,,,,,,,,,,,,,,,,,,,,,,,,,,,,,,,,,,,,,,,,,,,,,,,,,,,,,,,,,,,,,,,,,,,,,,,,,,,,,,,,,,,,,,,,,,,,,,,,,,,,,,,,,,,,,,,,,,,,,,,,,,,,,,,,,,,,,,,,,,,,,,,,,,,,,,,,,,,,,,,,,,,,,,,,,,,,,,,,,,,,,,,,,,,,,,,,,,,,,,,,,,,,,,,,,,,,,,,,,,,,,,,,,,,,,,,,,,,,,,,,,,,,,,,,,,,,,,,,,,,,,,,,,,,,,,,,,,,,,,,,,,,,,,,,,,,,,,,,,,,,,,,,,,,,,,,,,,,,,,,,,,,,,,,,,,,,,,,,,,,,,,,,,,,,,,,,,,,,,,,,,,,,,,,,,,,,,,,,,,,,,,,,,,,,,,,,,,,,,,,,,,,,,,,,,,,,,,,,,,,,,,,,,,,,,,,,,,,,,,,,,,,,,,,,,,,,,,,,,,,,,,,,,,,,,,,,,,,,,,,,,,,,,,,,,,,,,,,,,,,,,,,,,,,,,,,,,,,,,,,,,,,,,,,,,,,,,,,,,,,,,
,,,,,,,,,,,,,,,,,,,,,,,,,,,,,,,,,,,,,,,,,,,,,,,,,,,,,,,,,,,,,,,,,,,,,,,,,,,,,,,,,,,,,,,,,,,,,,,,,,,,,,,,,,,,,,,,,,,,,,,,,,,,,,,,,,,,,,,,,,,,,,,,,,,,,,,,,,,,,,,,,,,,,,,,,,,,,,,,,,,,,,,,,,,,,,,,,,,,,,,,,,,,,,,,,,,,,,,,,,,,,,,,,,,,,,,,,,,,,,,,,,,,,,,,,,,,,,,,,,,,,,,,,,,,,,,,,,,,,,,,,,,,,,,,,,,,,,,,,,,,,,,,,,,,,,,,,,,,,,,,,,,,,,,,,,,,,,,,,,,,,,,,,,,,,,,,,,,,,,,,,,,,,,,,,,,,,,,,,,,,,,,,,,,,,,,,,,,,,,,,,,,,,,,,,,,,,,,,,,,,,,,,,,,,,,,,,,,,,,,,,,,,,,,,,,,,,,,,,,,,,,,,,,,,,,,,,,,,,,,,,,,,,,,,,,,,,,,,,,,,,,,,,,,,,,,,,,,,,,,,,,,,,,,,,,,,,,,,,,,,,,,,,,,,,,,,,,,,,,,,,,,,,,,,,,,,,,,,,,,,,,,,,,,,,,,,,,,,,,,,,,,,,,,,,,,,,,,,,,,,,,,,,,,,,,,,,,,,,,,,,,,,,,,,,,,,,,,,,,,,,,,,,,,,,,,,,,,,,,,,,,,,,,,,,,,,,,,,,,,,,,,,,,,,,,,,,,,,,,,,,,,,,,,,,,,,,,,,,,,,,,,,,,,,,,,,,,,,,,,,,,,,,,,,,,,,,,,,,,,,,,,,,,,,,,,,,,,,,,,,,,,,,,,,,,,,,,,,,,,,,,,,,,,,,,,,,,,,,,,,,,,,,,,,,,,,,,,,,,,,,,,,,,,,,,,,,,,,,,,,,,,,,,,,,,,,,,,,,,,,,,,,,,,,,,,,,,,,,,,,,,,,,,,,,,,,,,,,,,,,,,,,,,,,,,,,,,,,,,,,,,,,,,,,,,,,,,,,,,,,,,,,,,,,,,,,,,,,,,,,,,,,,,,,,,,,,,,,,,,,,,,,,,,,,,,,,,,,,,,,,,,,
 ,Índice,,,,,,,,,,,,,,,,,,,,,,,,,,,,,,,,,,,,,,,,,,,,,,,,,,,,,,,,,,,,,,,,,,,,,,,,,,,,,,,,,,,,,,,,,,,,,,,,,,,,,,,,,,,,,,,,,,,,,,,,,,,,,,,,,,,,,,,,,,,,,,,,,,,,,,,,,,,,,,,,,,,,,,,,,,,,,,,,,,,,,,,,,,,,,,,,,,,,,,,,,,,,,,,,,,,,,,,,,,,,,,,,,,,,,,,,,,,,,,,,,,,,,,,,,,,,,,,,,,,,,,,,,,,,,,,,,,,,,,,,,,,,,,,,,,,,,,,,,,,,,,,,,,,,,,,,,,,,,,,,,,,,,,,,,,,,,,,,,,,,,,,,,,,,Variación mensual,,,,,,,,,,,,,,,,,,,,,,,,,,,,,,,,,,,,,,,,,,,,,,,,,,,,,,,,,,,,,,,,,,,,,,,,,,,,,,,,,,,,,,,,,,,,,,,,,,,,,,,,,,,,,,,,,,,,,,,,,,,,,,,,,,,,,,,,,,,,,,,,,,,,,,,,,,,,,,,,,,,,,,,,,,,,,,,,,,,,,,,,,,,,,,,,,,,,,,,,,,,,,,,,,,,,,,,,,,,,,,,,,,,,,,,,,,,,,,,,,,,,,,,,,,,,,,,,,,,,,,,,,,,,,,,,,,,,,,,,,,,,,,,,,,,,,,,,,,,,,,,,,,,,,,,,,,,,,,,,,,,,,,,,,,,,,,,,,,,,,,,,,,,,Variación anual,,,,,,,,,,,,,,,,,,,,,,,,,,,,,,,,,,,,,,,,,,,,,,,,,,,,,,,,,,,,,,,,,,,,,,,,,,,,,,,,,,,,,,,,,,,,,,,,,,,,,,,,,,,,,,,,,,,,,,,,,,,,,,,,,,,,,,,,,,,,,,,,,,,,,,,,,,,,,,,,,,,,,,,,,,,,,,,,,,,,,,,,,,,,,,,,,,,,,,,,,,,,,,,,,,,,,,,,,,,,,,,,,,,,,,,,,,,,,,,,,,,,,,,,,,,,,,,,,,,,,,,,,,,,,,,,,,,,,,,,,,,,,,,,,,,,,,,,,,,,,,,,,,,,,,,,,,,,,,,,,,,,,,,,,,,,,,,,,,,,,,,,,,,
 ,2025M12,2025M11,2025M10,2025M09,2025M08,2025M07,2025M06,2025M05,2025M04,2025M03,2025M02,2025M01,2024M12,2024M11,2024M10,2024M09,2024M08,2024M07,2024M06,2024M05,2024M04,2024M03,2024M02,2024M01,2023M12,2023M11,2023M10,2023M09,2023M08,2023M07,2023M06,2023M05,2023M04,2023M03,2023M02,2023M01,2022M12,2022M11,2022M10,2022M09,2022M08,2022M07,2022M06,2022M05,2022M04,2022M03,2022M02,2022M01,2021M12,2021M11,2021M10,2021M09,2021M08,2021M07,2021M06,2021M05,2021M04,2021M03,2021M02,2021M01,2020M12,2020M11,2020M10,2020M09,2020M08,2020M07,2020M06,2020M05,2020M04,2020M03,2020M02,2020M01,2019M12,2019M11,2019M10,2019M09,2019M08,2019M07,2019M06,2019M05,2019M04,2019M03,2019M02,2019M01,2018M12,2018M11,2018M10,2018M09,2018M08,2018M07,2018M06,2018M05,2018M04,2018M03,2018M02,2018M01,2017M12,2017M11,2017M10,2017M09,2017M08,2017M07,2017M06,2017M05,2017M04,2017M03,2017M02,2017M01,2016M12,2016M11,2016M10,2016M09,2016M08,2016M07,2016M06,2016M05,2016M04,2016M03,2016M02,2016M01,2015M12,2015M11,2015M10,2015M09,2015M08,2015M07,2015M06,2015M05,2015M04,2015M03,2015M02,2015M01,2014M12,2014M11,2014M10,2014M09,2014M08,2014M07,2014M06,2014M05,2014M04,2014M03,2014M02,2014M01,2013M12,2013M11,2013M10,2013M09,2013M08,2013M07,2013M06,2013M05,2013M04,2013M03,2013M02,2013M01,2012M12,2012M11,2012M10,2012M09,2012M08,2012M07,2012M06,2012M05,2012M04,2012M03,2012M02,2012M01,2011M12,2011M11,2011M10,2011M09,2011M08,2011M07,2011M06,2011M05,2011M04,2011M03,2011M02,2011M01,2010M12,2010M11,2010M10,2010M09,2010M08,2010M07,2010M06,2010M05,2010M04,2010M03,2010M02,2010M01,2009M12,2009M11,2009M10,2009M09,2009M08,2009M07,2009M06,2009M05,2009M04,2009M03,2009M02,2009M01,2008M12,2008M11,2008M10,2008M09,2008M08,2008M07,2008M06,2008M05,2008M04,2008M03,2008M02,2008M01,2007M12,2007M11,2007M10,2007M09,2007M08,2007M07,2007M06,2007M05,2007M04,2007M03,2007M02,2007M01,2006M12,2006M11,2006M10,2006M09,2006M08,2006M07,2006M06,2006M05,2006M04,2006M03,2006M02,2006M01,2005M12,2005M11,2005M10,2005M09,2005M08,2005M07,2005M06,2005M05,2005M04,2005M03,2005M02,2005M01,2004M12,2004M11,2004M10,2004M09,2004M08,2004M07,2004M06,2004M05,2004M04,2004M03,2004M02,2004M01,2003M12,2003M11,2003M10,2003M09,2003M08,2003M07,2003M06,2003M05,2003M04,2003M03,2003M02,2003M01,2002M12,2002M11,2002M10,2002M09,2002M08,2002M07,2002M06,2002M05,2002M04,2002M03,2002M02,2002M01,2001M12,2001M11,2001M10,2001M09,2001M08,2001M07,2001M06,2001M05,2001M04,2001M03,2001M02,2001M01,2000M12,2000M11,2000M10,2000M09,2000M08,2000M07,2000M06,2000M05,2000M04,2000M03,2000M02,2000M01,1999M12,1999M11,1999M10,1999M09,1999M08,1999M07,1999M06,1999M05,1999M04,1999M03,1999M02,1999M01,1998M12,1998M11,1998M10,1998M09,1998M08,1998M07,1998M06,1998M05,1998M04,1998M03,1998M02,1998M01,1997M12,1997M11,1997M10,1997M09,1997M08,1997M07,1997M06,1997M05,1997M04,1997M03,1997M02,1997M01,2025M12,2025M11,2025M10,2025M09,2025M08,2025M07,2025M06,2025M05,2025M04,2025M03,2025M02,2025M01,2024M12,2024M11,2024M10,2024M09,2024M08,2024M07,2024M06,2024M05,2024M04,2024M03,2024M02,2024M01,2023M12,2023M11,2023M10,2023M09,2023M08,2023M07,2023M06,2023M05,2023M04,2023M03,2023M02,2023M01,2022M12,2022M11,2022M10,2022M09,2022M08,2022M07,2022M06,2022M05,2022M04,2022M03,2022M02,2022M01,2021M12,2021M11,2021M10,2021M09,2021M08,2021M07,2021M06,2021M05,2021M04,2021M03,2021M02,2021M01,2020M12,2020M11,2020M10,2020M09,2020M08,2020M07,2020M06,2020M05,2020M04,2020M03,2020M02,2020M01,2019M12,2019M11,2019M10,2019M09,2019M08,2019M07,2019M06,2019M05,2019M04,2019M03,2019M02,2019M01,2018M12,2018M11,2018M10,2018M09,2018M08,2018M07,2018M06,2018M05,2018M04,2018M03,2018M02,2018M01,2017M12,2017M11,2017M10,2017M09,2017M08,2017M07,2017M06,2017M05,2017M04,2017M03,2017M02,2017M01,2016M12,2016M11,2016M10,2016M09,2016M08,2016M07,2016M06,2016M05,2016M04,2016M03,2016M02,2016M01,2015M12,2015M11,2015M10,2015M09,2015M08,2015M07,2015M06,2015M05,2015M04,2015M03,2015M02,2015M01,2014M12,2014M11,2014M10,2014M09,2014M08,2014M07,2014M06,2014M05,2014M04,2014M03,2014M02,2014M01,2013M12,2013M11,2013M10,2013M09,2013M08,2013M07,2013M06,2013M05,2013M04,2013M03,2013M02,2013M01,2012M12,2012M11,2012M10,2012M09,2012M08,2012M07,2012M06,2012M05,2012M04,2012M03,2012M02,2012M01,2011M12,2011M11,2011M10,2011M09,2011M08,2011M07,2011M06,2011M05,2011M04,2011M03,2011M02,2011M01,2010M12,2010M11,2010M10,2010M09,2010M08,2010M07,2010M06,2010M05,2010M04,2010M03,2010M02,2010M01,2009M12,2009M11,2009M10,2009M09,2009M08,2009M07,2009M06,2009M05,2009M04,2009M03,2009M02,2009M01,2008M12,2008M11,2008M10,2008M09,2008M08,2008M07,2008M06,2008M05,2008M04,2008M03,2008M02,2008M01,2007M12,2007M11,2007M10,2007M09,2007M08,2007M07,2007M06,2007M05,2007M04,2007M03,2007M02,2007M01,2006M12,2006M11,2006M10,2006M09,2006M08,2006M07,2006M06,2006M05,2006M04,2006M03,2006M02,2006M01,2005M12,2005M11,2005M10,2005M09,2005M08,2005M07,2005M06,2005M05,2005M04,2005M03,2005M02,2005M01,2004M12,2004M11,2004M10,2004M09,2004M08,2004M07,2004M06,2004M05,2004M04,2004M03,2004M02,2004M01,2003M12,2003M11,2003M10,2003M09,2003M08,2003M07,2003M06,2003M05,2003M04,2003M03,2003M02,2003M01,2002M12,2002M11,2002M10,2002M09,2002M08,2002M07,2002M06,2002M05,2002M04,2002M03,2002M02,2002M01,2001M12,2001M11,2001M10,2001M09,2001M08,2001M07,2001M06,2001M05,2001M04,2001M03,2001M02,2001M01,2000M12,2000M11,2000M10,2000M09,2000M08,2000M07,2000M06,2000M05,2000M04,2000M03,2000M02,2000M01,1999M12,1999M11,1999M10,1999M09,1999M08,1999M07,1999M06,1999M05,1999M04,1999M03,1999M02,1999M01,1998M12,1998M11,1998M10,1998M09,1998M08,1998M07,1998M06,1998M05,1998M04,1998M03,1998M02,1998M01,1997M12,1997M11,1997M10,1997M09,1997M08,1997M07,1997M06,1997M05,1997M04,1997M03,1997M02,1997M01,2025M12,2025M11,2025M10,2025M09,2025M08,2025M07,2025M06,2025M05,2025M04,2025M03,2025M02,2025M01,2024M12,2024M11,2024M10,2024M09,2024M08,2024M07,2024M06,2024M05,2024M04,2024M03,2024M02,2024M01,2023M12,2023M11,2023M10,2023M09,2023M08,2023M07,2023M06,2023M05,2023M04,2023M03,2023M02,2023M01,2022M12,2022M11,2022M10,2022M09,2022M08,2022M07,2022M06,2022M05,2022M04,2022M03,2022M02,2022M01,2021M12,2021M11,2021M10,2021M09,2021M08,2021M07,2021M06,2021M05,2021M04,2021M03,2021M02,2021M01,2020M12,2020M11,2020M10,2020M09,2020M08,2020M07,2020M06,2020M05,2020M04,2020M03,2020M02,2020M01,2019M12,2019M11,2019M10,2019M09,2019M08,2019M07,2019M06,2019M05,2019M04,2019M03,2019M02,2019M01,2018M12,2018M11,2018M10,2018M09,2018M08,2018M07,2018M06,2018M05,2018M04,2018M03,2018M02,2018M01,2017M12,2017M11,2017M10,2017M09,2017M08,2017M07,2017M06,2017M05,2017M04,2017M03,2017M02,2017M01,2016M12,2016M11,2016M10,2016M09,2016M08,2016M07,2016M06,2016M05,2016M04,2016M03,2016M02,2016M01,2015M12,2015M11,2015M10,2015M09,2015M08,2015M07,2015M06,2015M05,2015M04,2015M03,2015M02,2015M01,2014M12,2014M11,2014M10,2014M09,2014M08,2014M07,2014M06,2014M05,2014M04,2014M03,2014M02,2014M01,2013M12,2013M11,2013M10,2013M09,2013M08,2013M07,2013M06,2013M05,2013M04,2013M03,2013M02,2013M01,2012M12,2012M11,2012M10,2012M09,2012M08,2012M07,2012M06,2012M05,2012M04,2012M03,2012M02,2012M01,2011M12,2011M11,2011M10,2011M09,2011M08,2011M07,2011M06,2011M05,2011M04,2011M03,2011M02,2011M01,2010M12,2010M11,2010M10,2010M09,2010M08,2010M07,2010M06,2010M05,2010M04,2010M03,2010M02,2010M01,2009M12,2009M11,2009M10,2009M09,2009M08,2009M07,2009M06,2009M05,2009M04,2009M03,2009M02,2009M01,2008M12,2008M11,2008M10,2008M09,2008M08,2008M07,2008M06,2008M05,2008M04,2008M03,2008M02,2008M01,2007M12,2007M11,2007M10,2007M09,2007M08,2007M07,2007M06,2007M05,2007M04,2007M03,2007M02,2007M01,2006M12,2006M11,2006M10,2006M09,2006M08,2006M07,2006M06,2006M05,2006M04,2006M03,2006M02,2006M01,2005M12,2005M11,2005M10,2005M09,2005M08,2005M07,2005M06,2005M05,2005M04,2005M03,2005M02,2005M01,2004M12,2004M11,2004M10,2004M09,2004M08,2004M07,2004M06,2004M05,2004M04,2004M03,2004M02,2004M01,2003M12,2003M11,2003M10,2003M09,2003M08,2003M07,2003M06,2003M05,2003M04,2003M03,2003M02,2003M01,2002M12,2002M11,2002M10,2002M09,2002M08,2002M07,2002M06,2002M05,2002M04,2002M03,2002M02,2002M01,2001M12,2001M11,2001M10,2001M09,2001M08,2001M07,2001M06,2001M05,2001M04,2001M03,2001M02,2001M01,2000M12,2000M11,2000M10,2000M09,2000M08,2000M07,2000M06,2000M05,2000M04,2000M03,2000M02,2000M01,1999M12,1999M11,1999M10,1999M09,1999M08,1999M07,1999M06,1999M05,1999M04,1999M03,1999M02,1999M01,1998M12,1998M11,1998M10,1998M09,1998M08,1998M07,1998M06,1998M05,1998M04,1998M03,1998M02,1998M01,1997M12,1997M11,1997M10,1997M09,1997M08,1997M07,1997M06,1997M05,1997M04,1997M03,1997M02,1997M01
Índice general,..,127.87,127.85,127.17,126.88,126.84,127.27,126.40,126.44,125.66,124.80,124.31,124.49,123.95,123.91,123.42,123.54,123.51,124.44,123.95,123.67,122.93,121.29,120.82,121.06,121.05,121.69,121.38,120.68,120.03,120.13,119.44,119.61,119.06,117.82,116.72,117.22,117.22,117.61,117.55,117.84,117.54,118.22,116.03,115.21,115.51,111.15,110.26,111.13,109.87,109.60,107.87,106.65,106.18,107.46,106.95,106.39,105.22,103.27,103.87,104.28,104.12,104.01,103.69,103.23,103.23,104.87,104.41,104.35,103.98,103.36,103.42,104.88,105.01,104.97,104.28,103.87,103.98,105.18,105.31,105.06,103.90,102.47,102.26,104.00,104.52,104.77,104.06,103.41,103.31,104.56,104.32,103.36,102.59,101.37,101.22,102.74,102.73,102.40,101.77,101.15,100.98,102.22,102.16,102.21,101.29,100.16,100.50,101.50,100.95,100.71,99.93,99.21,99.25,100.59,100.17,99.65,99.16,97.21,97.63,100.09,100.47,100.21,99.90,99.50,99.90,101.46,101.27,100.83,100.15,98.18,98.04,100.22,100.88,101.12,101.04,100.02,99.93,101.49,101.54,101.57,100.94,99.36,99.49,101.37,101.35,101.34,101.32,100.54,100.29,101.44,101.33,101.23,101.16,99.31,99.22,101.06,101.05,101.29,100.83,98.92,98.42,99.26,99.50,99.71,98.64,96.51,96.48,98.11,98.09,97.87,97.46,96.31,96.34,97.48,97.66,97.78,96.93,94.70,94.60,95.86,95.33,95.03,94.61,93.75,93.54,94.60,94.49,94.46,93.80,91.61,91.82,93.19,93.21,92.71,92.06,92.29,91.92,92.68,92.22,92.26,91.36,91.21,91.19,92.36,92.83,93.24,92.92,92.97,93.15,93.58,93.04,92.40,91.41,90.59,90.46,91.04,90.65,90.00,88.85,88.59,88.44,89.06,88.89,88.64,87.40,86.73,86.67,87.30,87.05,86.84,86.48,86.65,86.45,86.94,86.80,86.49,85.26,84.66,84.60,84.99,84.80,84.67,84.02,83.50,83.11,83.63,83.37,83.24,82.07,81.35,81.16,81.94,82.00,81.81,80.97,80.84,80.45,81.03,80.90,80.45,79.34,78.76,78.69,79.34,79.21,78.95,78.43,78.24,77.85,78.30,78.24,78.30,77.65,77.07,76.94,77.26,77.00,76.87,76.16,75.90,75.64,76.16,76.16,75.90,74.86,74.21,74.15,74.28,74.08,73.89,73.56,73.17,73.11,73.63,73.43,73.17,72.52,71.94,71.94,72.46,72.26,72.07,71.94,71.68,71.42,70.97,70.77,70.64,70.38,70.06,69.93,69.67,69.41,69.28,69.34,69.21,68.89,68.56,68.56,68.56,68.30,68.04,67.98,67.78,67.59,67.65,67.65,67.65,67.46,67.14,67.14,67.01,66.88,66.81,67.01,66.88,66.68,66.62,66.62,66.29,65.97,65.84,65.84,65.77,65.77,65.71,65.77,0.3,0.0,0.5,0.2,0.0,-0.3,0.7,0.0,0.6,0.7,0.4,-0.1,0.4,0.0,0.4,-0.1,0.0,-0.7,0.4,0.2,0.6,1.4,0.4,-0.2,0.0,-0.5,0.3,0.6,0.5,-0.1,0.6,-0.1,0.5,1.1,0.9,-0.4,0.0,-0.3,0.1,-0.2,0.3,-0.6,1.9,0.7,-0.3,3.9,0.8,-0.8,1.1,0.2,1.6,1.1,0.4,-1.2,0.5,0.5,1.1,1.9,-0.6,-0.4,0.2,0.1,0.3,0.4,0.0,-1.6,0.4,0.1,0.4,0.6,-0.1,-1.4,-0.1,0.0,0.7,0.4,-0.1,-1.1,-0.1,0.2,1.1,1.4,0.2,-1.7,-0.5,-0.2,0.7,0.6,0.1,-1.2,0.2,0.9,0.8,1.2,0.1,-1.5,0.0,0.3,0.6,0.6,0.2,-1.2,0.1,0.0,0.9,1.1,-0.3,-1.0,0.5,0.2,0.8,0.7,0.0,-1.3,0.4,0.5,0.5,2.0,-0.4,-2.5,-0.4,0.3,0.3,0.4,-0.4,-1.5,0.2,0.4,0.7,2.0,0.1,-2.2,-0.7,-0.2,0.1,1.0,0.1,-1.5,0.0,0.0,0.6,1.6,-0.1,-1.9,0.0,0.0,0.0,0.8,0.2,-1.1,0.1,0.1,0.1,1.9,0.1,-1.8,0.0,-0.2,0.5,1.9,0.5,-0.8,-0.2,-0.2,1.1,2.2,0.0,-1.7,0.0,0.2,0.4,1.2,0.0,-1.2,-0.2,-0.1,0.9,2.4,0.1,-1.3,0.6,0.3,0.4,0.9,0.2,-1.1,0.1,0.0,0.7,2.4,-0.2,-1.5,0.0,0.5,0.7,-0.2,0.4,-0.8,0.5,0.0,1.0,0.2,0.0,-1.3,-0.5,-0.4,0.3,-0.1,-0.2,-0.5,0.6,0.7,1.1,0.9,0.1,-0.6,0.4,0.7,1.3,0.3,0.2,-0.7,0.2,0.3,1.4,0.8,0.1,-0.7,0.3,0.2,0.4,-0.2,0.2,-0.6,0.2,0.4,1.4,0.7,0.1,-0.5,0.2,0.2,0.8,0.6,0.5,-0.6,0.3,0.2,1.4,0.9,0.2,-1.0,-0.1,0.2,1.0,0.2,0.5,-0.7,0.2,0.6,1.4,0.7,0.1,-0.8,0.2,0.3,0.7,0.2,0.5,-0.6,0.1,-0.1,0.8,0.8,0.2,-0.4,0.3,0.2,0.9,0.3,0.3,-0.7,0.0,0.3,1.4,0.9,0.1,-0.2,0.3,0.3,0.4,0.5,0.1,-0.7,0.3,0.4,0.9,0.8,0.0,-0.7,0.3,0.3,0.2,0.4,0.4,0.6,0.3,0.2,0.4,0.5,0.2,0.4,0.4,0.2,-0.1,0.2,0.5,0.5,0.0,0.0,0.4,0.4,0.1,0.3,0.3,-0.1,0.0,0.0,0.3,0.5,0.0,0.2,0.2,0.1,-0.3,0.2,0.3,0.1,0.0,0.5,0.5,0.2,0.0,0.1,0.0,0.1,-0.1,0.2,3.0,3.2,3.2,3.0,2.7,2.7,2.3,2.0,2.2,2.2,2.9,2.9,2.8,2.4,1.8,1.7,2.4,2.9,3.6,3.8,3.4,3.3,2.9,3.5,3.3,3.3,3.5,3.3,2.4,2.1,1.6,2.9,3.8,3.1,6.0,5.9,5.5,6.7,7.3,9.0,10.5,10.7,10.0,8.5,8.3,9.8,7.6,6.2,6.6,5.5,5.4,4.0,3.3,2.9,2.5,2.4,2.0,1.2,-0.1,0.4,-0.6,-0.8,-0.9,-0.6,-0.6,-0.7,-0.3,-0.9,-0.7,0.1,0.9,1.1,0.8,0.5,0.2,0.2,0.4,0.6,0.6,0.9,1.6,1.3,1.1,1.0,1.2,1.7,2.3,2.3,2.2,2.3,2.3,2.1,1.1,1.3,1.2,0.7,1.2,1.8,1.7,1.8,2.0,1.7,1.6,2.0,2.6,2.1,3.0,2.9,1.4,0.5,0.5,0.0,-0.3,-0.7,-0.9,-1.1,-1.2,-1.0,-1.0,-0.4,-0.1,-0.4,-0.9,-1.1,-0.5,0.0,0.0,-0.3,-0.7,-0.8,-1.2,-1.5,-1.1,-0.5,-0.2,-0.3,-0.5,-0.4,0.0,0.2,0.3,-0.2,0.1,0.3,0.3,0.3,0.0,0.5,1.6,1.9,2.2,1.8,1.5,2.6,2.9,2.8,3.0,3.0,3.5,3.5,2.7,2.2,1.8,1.9,2.0,1.8,1.9,2.0,2.3,2.9,3.0,3.0,2.7,3.0,3.0,3.4,3.5,3.3,3.4,3.0,2.9,2.3,2.5,2.8,1.6,1.8,2.1,2.5,2.4,2.7,0.4,0.7,0.9,0.4,-0.6,-0.9,-0.7,-1.3,-1.0,-0.9,-0.2,-0.1,0.7,0.8,1.4,2.4,3.6,4.6,4.9,5.3,5.1,4.7,4.2,4.6,4.5,4.4,4.3,4.1,3.6,2.7,2.2,2.3,2.4,2.4,2.5,2.5,2.4,2.4,2.7,2.7,2.6,2.9,3.8,4.0,4.0,4.1,3.9,3.9,4.1,4.2,3.7,3.4,3.5,3.8,3.3,3.3,3.2,3.1,3.5,3.4,3.3,3.1,3.3,3.5,3.6,3.2,3.3,3.3,3.5,3.4,2.7,2.2,2.2,2.3,2.7,2.9,2.7,3.0,3.1,2.9,2.8,2.7,3.2,3.7,3.9,3.8,4.0,3.9,4.0,3.5,3.7,3.5,3.4,3.7,3.7,3.2,3.2,3.1,2.5,2.5,2.5,2.3,2.1,2.4,3.7,3.8,3.6,3.0,2.7,2.9,4.0,4.1,4.0,3.7,3.6,3.7,3.5,3.2,3.0,3.0,3.0,2.9,2.8,2.7,2.4,2.5,2.3,2.1,2.1,2.1,2.3,2.1,1.8,1.4,1.3,1.4,1.5,1.5,2.1,2.3,2.0,2.0,1.9,1.7,1.7,1.9,1.9,1.9,1.8,1.9,1.7,1.5,1.4,1.3,1.6,2.2,2.5,2.8
"Alimentos con elaboración, bebidas y tabaco",..,138.35,137.95,137.38,137.57,137.34,137.38,137.26,136.85,136.82,136.98,136.86,135.88,135.98,136.01,135.39,135.69,135.55,135.75,135.81,135.77,135.27,135.05,133.97,132.69,132.71,132.55,131.98,131.51,131.03,130.69,130.37,130.02,129.24,128.25,126.21,125.05,122.28,120.35,119.11,118.64,117.73,116.65,115.46,113.88,111.03,109.95,108.48,107.56,106.66,106.17,105.64,105.47,105.26,105.20,105.05,104.89,104.60,104.48,104.37,103.91,104.03,104.13,104.05,104.26,104.18,104.47,104.81,104.59,103.98,103.71,103.29,103.03,103.17,103.16,102.96,103.16,102.81,102.82,102.81,102.65,102.55,102.37,102.29,102.18,102.21,102.39,102.19,102.37,102.16,102.22,102.18,102.05,101.82,101.73,101.68,101.49,101.45,101.23,101.17,101.42,101.20,101.14,101.01,100.75,100.69,100.53,100.73,100.50,100.49,100.44,100.51,100.56,100.58,100.71,100.86,100.84,100.88,100.83,100.74,100.66,100.59,100.49,100.29,100.06,99.94,99.90,99.82,99.73,99.66,99.53,99.35,99.12,99.09,98.94,98.79,98.60,98.62,98.62,98.93,99.11,99.45,99.58,99.74,99.72,99.81,99.75,99.56,99.44,99.30,98.92,98.89,98.75,98.75,98.68,98.46,97.69,97.47,97.13,96.68,96.28,96.17,96.17,96.20,95.91,95.07,94.95,94.72,94.47,94.27,93.99,93.63,92.65,92.47,91.85,92.91,92.80,92.43,92.26,92.04,91.37,89.71,89.53,89.49,89.41,89.22,89.21,88.07,88.15,88.61,88.74,88.76,88.66,88.44,88.34,88.27,88.49,88.41,87.66,86.89,87.36,87.57,87.79,87.78,87.54,87.53,87.60,87.62,87.54,87.38,87.21,87.01,86.86,86.73,86.42,85.71,85.00,84.58,83.66,81.19,80.31,80.04,80.00,79.96,79.87,79.71,79.54,79.22,78.25,78.17,78.17,78.19,78.15,78.52,78.45,78.42,78.37,78.12,76.73,76.91,76.66,76.00,75.49,75.35,75.16,75.15,75.26,75.18,75.10,74.33,73.96,73.88,73.55,73.42,73.29,73.24,73.14,73.05,73.00,72.82,72.00,71.57,71.37,70.96,70.57,70.43,70.23,69.92,69.80,69.67,69.59,69.53,69.47,69.38,69.14,68.66,68.26,68.07,68.01,67.95,67.81,67.74,67.63,67.47,67.20,66.25,66.00,65.89,65.70,65.43,65.09,64.58,64.23,64.07,63.95,63.81,63.49,63.43,63.36,63.25,62.83,62.65,62.54,62.49,62.35,62.16,62.34,62.53,62.57,62.59,62.57,62.40,62.18,62.20,62.16,62.10,62.12,62.10,62.18,62.14,62.07,61.85,61.48,60.99,60.27,60.32,60.36,60.42,60.38,60.32,60.32,60.39,60.44,60.50,60.49,60.43,60.19,60.14,60.18,60.13,59.14,59.08,59.23,59.38,59.61,59.81,59.76,60.10,..,0.3,0.4,-0.1,0.2,0.0,0.1,0.3,0.0,-0.1,0.1,0.7,-0.1,0.0,0.5,-0.2,0.1,-0.1,0.0,0.0,0.4,0.2,0.8,1.0,0.0,0.1,0.4,0.4,0.4,0.3,0.2,0.3,0.6,0.8,1.6,0.9,2.3,1.6,1.0,0.4,0.8,0.9,1.0,1.4,2.6,1.0,1.4,0.9,0.8,0.5,0.5,0.2,0.2,0.1,0.1,0.2,0.3,0.1,0.1,0.4,-0.1,-0.1,0.1,-0.2,0.1,-0.3,-0.3,0.2,0.6,0.3,0.4,0.3,-0.1,0.0,0.2,-0.2,0.3,0.0,0.0,0.2,0.1,0.2,0.1,0.1,0.0,-0.2,0.2,-0.2,0.2,-0.1,0.0,0.1,0.2,0.1,0.0,0.2,0.0,0.2,0.1,-0.2,0.2,0.1,0.1,0.3,0.1,0.2,-0.2,0.2,0.0,0.0,-0.1,0.0,0.0,-0.1,-0.1,0.0,0.0,0.0,0.1,0.1,0.1,0.1,0.2,0.2,0.1,0.0,0.1,0.1,0.1,0.1,0.2,0.2,0.0,0.2,0.2,0.2,0.0,0.0,-0.3,-0.2,-0.3,-0.1,-0.2,0.0,-0.1,0.1,0.2,0.1,0.1,0.4,0.0,0.1,0.0,0.1,0.2,0.8,0.2,0.4,0.5,0.4,0.1,0.0,0.0,0.3,0.9,0.1,0.2,0.3,0.2,0.3,0.4,1.1,0.2,0.7,-1.1,0.1,0.4,0.2,0.2,0.7,1.9,0.2,0.0,0.1,0.2,0.0,1.3,-0.1,-0.5,-0.1,0.0,0.1,0.2,0.1,0.1,-0.2,0.1,0.9,0.9,-0.5,-0.2,-0.3,0.0,0.3,0.0,-0.1,0.0,0.1,0.2,0.2,0.2,0.2,0.1,0.4,0.8,0.8,0.5,1.1,3.0,1.1,0.3,0.1,0.1,0.1,0.2,0.2,0.4,1.2,0.1,0.0,0.0,0.1,-0.5,0.1,0.0,0.1,0.3,1.8,-0.2,0.3,0.9,0.7,0.2,0.3,0.0,-0.1,0.1,0.1,1.0,0.5,0.1,0.4,0.2,0.2,0.1,0.1,0.1,0.1,0.2,1.1,0.6,0.3,0.6,0.6,0.2,0.3,0.4,0.2,0.2,0.1,0.1,0.1,0.1,0.3,0.7,0.6,0.3,0.1,0.1,0.2,0.1,0.2,0.2,0.4,1.4,0.4,0.2,0.3,0.4,0.5,0.8,0.5,0.2,0.2,0.2,0.5,0.1,0.1,0.2,0.7,0.3,0.2,0.1,0.2,0.3,-0.3,-0.3,-0.1,0.0,0.0,0.3,0.4,0.0,0.1,0.1,0.0,0.0,-0.1,0.1,0.1,0.4,0.6,0.8,1.2,-0.1,-0.1,-0.1,0.1,0.1,0.0,-0.1,-0.1,-0.1,0.0,0.1,0.4,0.1,-0.1,0.1,1.7,0.1,-0.3,-0.3,-0.4,-0.3,0.1,-0.6,-0.7,..,1.7,1.4,1.5,1.4,1.3,1.2,1.1,0.8,1.1,1.4,2.2,2.4,2.5,2.6,2.6,3.2,3.4,3.9,4.2,4.4,4.7,5.3,6.1,6.1,8.5,10.1,10.8,10.8,11.3,12.0,12.9,14.2,16.4,16.6,16.3,16.3,14.6,13.4,12.8,12.5,11.8,10.9,9.9,8.6,6.1,5.2,3.9,3.5,2.5,2.0,1.5,1.2,1.0,0.7,0.2,0.3,0.6,0.7,1.0,0.9,0.8,0.9,1.1,1.1,1.3,1.6,1.9,1.9,1.4,1.3,1.0,0.8,0.9,0.8,0.8,0.8,0.6,0.6,0.6,0.6,0.7,0.6,0.6,0.7,0.7,1.1,1.0,0.9,0.9,1.1,1.2,1.3,1.1,1.2,0.9,1.0,1.0,0.8,0.7,0.9,0.6,0.4,0.1,-0.1,-0.2,-0.3,0.0,-0.2,-0.1,0.0,0.2,0.5,0.6,0.8,1.0,1.1,1.2,1.3,1.4,1.6,1.5,1.6,1.5,1.5,1.3,1.3,0.9,0.6,0.2,-0.1,-0.4,-0.6,-0.7,-0.8,-0.8,-0.8,-0.7,-0.3,0.0,0.4,0.7,0.9,1.3,2.1,2.4,2.7,3.0,3.3,3.3,2.9,2.8,3.0,3.9,3.9,3.9,3.4,3.4,3.3,3.3,3.9,4.0,4.7,3.5,3.4,2.9,2.9,2.9,3.4,5.1,5.0,4.6,3.6,3.6,3.0,5.5,5.3,4.3,4.0,3.7,3.1,1.4,1.3,1.4,1.0,0.9,1.8,1.4,0.9,1.2,1.1,1.1,1.3,1.0,0.8,0.7,1.1,1.2,0.5,-0.1,0.6,1.0,1.6,2.4,3.0,3.5,4.7,7.9,9.0,9.2,9.0,8.8,8.8,8.8,8.6,8.2,8.6,8.2,7.0,3.8,2.8,1.9,2.0,2.0,1.9,2.0,3.7,3.0,2.1,2.9,3.6,3.8,4.0,4.5,4.2,4.3,4.4,5.1,3.7,4.1,4.2,3.5,3.0,2.9,2.8,2.9,3.1,3.2,4.3,3.9,3.6,4.1,4.2,4.2,4.4,4.7,4.8,4.9,4.9,4.7,3.6,3.2,3.2,3.3,3.4,3.5,3.3,2.9,2.9,2.8,2.9,3.1,3.4,4.7,4.8,4.2,3.9,4.0,4.5,5.2,5.6,5.7,5.8,5.7,5.8,4.4,4.2,4.2,4.6,4.4,4.1,3.3,3.0,3.1,2.6,2.0,1.5,1.3,1.3,1.4,1.0,0.7,0.6,0.6,0.4,0.1,0.3,0.6,0.8,1.2,1.8,2.3,3.2,3.1,3.0,2.8,2.9,3.0,3.1,2.9,2.7,2.2,1.6,0.9,0.1,0.3,0.3,0.5,2.1,2.1,1.8,1.7,1.4,1.2,1.2,0.5,-0.5,-0.2,-0.2,-0.3,-2.0,-1.6,-1.4,-1.4,-1.2,-0.6,-0.1,1.5
Alimentos sin elaboración,..,158.99,158.47,153.20,153.14,157.68,159.59,157.79,155.81,154.49,152.37,150.94,149.73,148.50,148.87,143.97,144.04,146.32,147.16,146.84,146.69,144.74,145.12,147.26,146.67,147.38,147.45,143.39,142.34,142.91,140.50,140.29,139.64,140.59,138.37,135.13,135.70,134.95,137.53,131.99,131.30,131.63,132.96,129.27,128.74,123.73,121.98,122.24,121.97,119.94,119.16,115.80,116.17,115.76,116.62,117.08,116.09,115.82,116.07,116.02,114.17,115.30,118.07,113.87,113.08,112.99,115.03,115.30,115.80,112.69,112.88,112.97,112.56,112.90,113.04,108.92,108.71,109.22,110.03,108.89,107.89,108.21,109.69,108.91,109.28,109.88,111.10,107.78,107.33,107.73,109.79,108.44,106.52,106.61,106.44,106.85,106.20,106.36,107.56,104.08,102.70,103.61,103.85,104.28,103.98,104.42,105.80,104.75,102.76,101.84,102.11,101.85,103.45,103.51,102.19,101.57,101.02,100.66,100.77,101.81,100.88,100.93,101.38,100.55,100.65,99.50,100.25,99.41,98.57,98.79,99.78,99.31,98.95,99.11,99.35,98.55,98.58,98.10,97.94,97.71,98.13,97.99,99.00,99.43,98.79,97.93,97.77,99.01,101.52,100.78,99.67,98.59,97.61,97.08,97.33,97.92,97.34,96.67,96.23,96.19,95.69,95.02,95.21,94.50,94.82,94.53,94.48,94.45,94.25,94.20,93.87,93.38,93.57,94.52,94.35,94.35,93.94,93.99,93.27,93.13,93.29,92.84,92.50,91.76,93.09,92.63,92.75,92.69,93.34,93.00,91.76,92.51,91.44,91.39,91.42,91.73,91.57,91.36,91.45,91.91,92.29,92.57,93.42,93.92,93.66,93.39,93.24,93.40,93.06,92.99,93.01,92.14,91.97,91.54,91.42,92.21,91.69,90.73,90.29,89.90,89.46,89.26,88.88,88.63,88.52,87.80,87.35,87.92,87.75,86.90,86.60,86.68,86.26,85.67,85.11,84.29,83.98,83.92,84.33,85.14,84.46,83.27,82.92,82.78,82.53,81.99,82.18,82.19,82.10,81.39,81.20,81.54,80.89,80.66,80.25,80.31,80.36,80.04,79.47,79.48,78.98,78.77,78.26,79.25,78.96,78.53,78.54,78.83,77.73,76.71,75.93,75.76,75.43,75.47,75.21,75.92,75.62,75.01,74.85,74.73,74.15,73.60,73.17,73.03,72.71,72.21,71.78,71.94,71.77,70.89,70.89,71.36,71.11,70.72,70.16,69.99,69.65,69.43,68.60,68.91,68.33,67.03,66.91,66.59,65.89,65.27,64.43,64.44,64.67,64.26,64.26,64.92,64.62,63.70,63.31,63.12,62.44,62.17,62.21,63.03,63.45,63.45,63.17,63.69,63.54,62.59,62.88,63.07,62.85,62.52,62.02,62.05,61.91,61.75,61.87,63.13,62.93,62.13,61.61,62.03,60.94,60.42,60.40,60.67,60.34,60.40,60.79,61.37,..,0.3,3.4,0.0,-2.9,-1.2,1.1,1.3,0.9,1.4,0.9,0.8,0.8,-0.2,3.4,0.0,-1.6,-0.6,0.2,0.1,1.3,-0.3,-1.5,0.4,-0.5,0.0,2.8,0.7,-0.4,1.7,0.1,0.5,-0.7,1.6,2.4,-0.4,0.6,-1.9,4.2,0.5,-0.3,-1.0,2.9,0.4,4.0,1.4,-0.2,0.2,1.7,0.7,2.9,-0.3,0.4,-0.7,-0.4,0.9,0.2,-0.2,0.0,1.6,-1.0,-2.3,3.7,0.7,0.1,-1.8,-0.2,-0.4,2.8,-0.2,-0.1,0.4,-0.3,-0.1,3.8,0.2,-0.5,-0.7,1.0,0.9,-0.3,-1.3,0.7,-0.3,-0.5,-1.1,3.1,0.4,-0.4,-1.9,1.2,1.8,-0.1,0.2,-0.4,0.6,-0.2,-1.1,3.3,1.3,-0.9,-0.2,-0.4,0.3,-0.4,-1.3,1.0,1.9,0.9,-0.3,0.3,-1.5,-0.1,1.3,0.6,0.5,0.4,-0.1,-1.0,0.9,0.0,-0.4,0.8,-0.1,1.2,-0.7,0.8,0.9,-0.2,-1.0,0.5,0.4,-0.2,-0.2,0.8,0.0,0.5,0.2,0.2,-0.4,0.1,-1.0,-0.4,0.6,0.9,0.2,-1.3,-2.5,0.7,1.1,1.1,1.0,0.5,-0.3,-0.6,0.6,0.7,0.5,0.0,0.5,0.7,-0.2,0.8,-0.3,0.3,0.1,0.0,0.2,0.1,0.4,0.5,-0.2,-1.0,0.2,0.0,0.4,-0.1,0.8,0.2,-0.2,0.5,0.4,0.8,-1.4,0.5,-0.1,0.1,-0.7,0.4,1.4,-0.8,1.2,0.1,0.0,-0.3,0.2,0.2,-0.1,-0.5,-0.4,-0.3,-0.9,-0.5,0.3,0.3,0.2,-0.2,0.4,0.1,0.0,0.9,0.2,0.5,0.1,-0.9,0.6,1.1,0.5,0.4,0.5,0.2,0.4,0.3,0.1,0.8,0.5,-0.6,0.2,1.0,0.3,-0.1,0.5,0.7,0.7,1.0,0.4,0.1,-0.5,-1.0,0.8,1.4,0.4,0.2,0.3,0.7,-0.2,0.0,0.1,0.9,0.2,-0.4,0.8,0.3,0.5,-0.1,-0.1,0.4,0.7,0.0,0.6,0.3,0.7,-1.2,0.4,0.5,0.0,-0.4,1.4,1.3,1.0,0.2,0.4,-0.1,0.3,-0.9,0.4,0.8,0.2,0.2,0.8,0.7,0.6,0.2,0.4,0.7,0.6,-0.2,0.2,1.2,0.0,-0.7,0.4,0.6,0.8,0.2,0.5,0.3,1.2,-0.4,0.8,1.9,0.2,0.5,1.1,0.9,1.3,0.0,-0.4,0.6,0.0,-1.0,0.5,1.4,0.6,0.3,1.1,0.4,-0.1,-1.3,-0.7,0.0,0.4,-0.8,0.2,1.5,-0.5,-0.3,0.4,0.5,0.8,0.0,0.2,0.3,-0.2,-2.0,0.3,1.3,0.8,-0.7,1.8,0.9,0.0,-0.4,0.5,-0.1,-0.6,-0.9,0.7,..,7.1,6.4,6.4,6.3,7.8,8.4,7.5,6.2,6.7,5.0,2.5,2.1,0.8,1.0,0.4,1.2,2.4,4.7,4.7,5.0,3.0,4.9,9.0,8.1,9.2,7.2,8.6,8.4,8.6,5.7,8.5,8.5,13.6,13.4,10.5,11.3,12.5,15.4,14.0,13.0,13.7,14.0,10.4,10.9,6.8,5.1,5.4,6.8,4.0,0.9,1.7,2.7,2.5,1.4,1.5,0.3,2.8,2.8,2.7,1.4,2.1,4.4,4.5,4.0,3.5,4.5,5.9,7.3,4.1,2.9,3.7,3.0,2.7,1.7,1.1,1.3,1.4,0.2,0.4,1.3,1.5,3.1,1.9,2.9,3.3,3.3,3.6,4.5,4.0,5.7,4.0,2.4,2.1,0.6,2.0,3.3,4.4,5.3,2.2,-0.7,0.1,1.6,2.7,2.9,3.7,5.0,2.9,1.9,0.9,0.7,1.3,2.8,4.0,1.9,2.2,2.5,1.9,1.0,2.5,2.0,1.8,2.0,2.0,2.1,1.4,2.4,1.7,0.4,0.8,0.8,-0.1,0.2,1.2,1.6,-0.5,-2.9,-2.7,-1.7,-0.9,0.5,0.9,1.7,1.5,1.5,1.3,1.6,2.9,6.1,6.1,4.7,4.3,2.9,2.7,3.0,3.7,3.3,2.6,2.5,3.0,2.3,0.5,0.9,0.2,0.9,0.6,1.3,1.4,1.0,1.5,1.5,1.8,0.5,2.0,1.7,1.8,0.6,1.1,1.6,0.7,2.0,1.6,1.2,0.0,1.7,1.4,1.4,0.8,1.1,0.5,-1.8,-1.5,-2.4,-2.1,-2.0,-1.8,-1.6,-1.8,-1.7,-0.2,0.3,1.1,2.2,1.9,2.1,2.9,3.3,3.9,4.0,4.2,4.6,4.0,3.9,4.3,4.7,4.9,4.5,4.4,4.3,3.7,3.7,4.2,4.4,5.1,5.4,4.6,3.6,3.3,3.9,4.4,4.4,4.7,4.5,4.5,3.6,2.6,2.3,3.1,3.9,4.4,4.4,3.2,3.3,3.1,2.7,2.4,3.4,3.4,4.0,3.3,3.8,2.9,2.4,2.7,2.2,1.9,3.4,4.3,4.7,4.9,4.7,4.4,4.1,4.4,4.4,4.7,4.9,5.5,4.8,4.2,3.8,3.7,3.7,4.5,4.8,5.5,5.4,5.8,5.6,4.7,4.3,4.1,4.3,4.3,4.4,4.0,4.6,4.4,5.0,5.8,5.9,7.2,7.9,8.3,8.9,8.6,7.7,8.0,6.8,6.1,5.7,5.2,5.7,5.5,5.5,5.0,3.6,2.2,1.9,1.3,1.7,1.9,1.7,1.8,0.7,0.1,-0.7,-0.6,0.3,1.6,2.5,2.8,2.1,0.9,1.0,0.7,2.1,1.7,3.1,3.5,2.7,2.3,2.6,2.2,1.8,2.9,3.3,2.5,1.6,1.7,0.4,0.3,0.5,0.1,0.9,2.3,2.3,2.1
Productos energéticos,..,126.97,126.19,125.26,125.50,126.21,124.26,121.77,122.90,126.38,131.22,130.28,122.76,121.40,118.71,117.90,121.63,122.57,125.22,125.52,126.01,124.25,120.85,120.84,116.35,118.34,123.62,126.42,123.71,119.41,118.15,116.35,120.03,122.30,126.64,123.79,123.98,131.18,137.55,146.60,157.08,157.51,157.11,144.57,141.92,164.08,138.81,134.77,133.19,125.76,127.48,119.94,114.68,111.77,111.84,108.05,106.43,102.38,96.61,101.51,95.32,92.63,91.54,93.27,92.94,92.62,90.61,87.14,87.72,94.39,100.81,103.56,101.71,102.40,102.94,102.03,102.46,103.78,102.91,105.89,105.79,104.47,104.21,103.54,103.84,107.93,110.04,109.15,107.25,106.29,105.60,104.56,100.35,98.90,101.53,102.04,101.76,101.44,99.40,97.47,96.53,95.56,96.10,96.97,98.06,97.59,100.18,103.76,99.22,95.75,95.71,92.16,90.83,91.76,92.66,89.53,87.53,87.37,85.80,88.35,94.22,96.27,95.63,96.85,99.85,104.29,104.87,104.13,103.07,102.52,99.84,98.46,101.78,106.86,110.00,112.10,110.59,110.61,111.22,111.21,111.00,110.72,111.10,111.11,111.15,110.43,111.25,112.12,111.57,110.29,108.39,108.01,109.27,112.32,112.98,111.07,110.93,111.24,114.38,116.47,114.07,110.76,107.36,109.95,112.07,108.88,106.66,105.52,103.13,103.43,102.87,102.75,101.96,102.72,101.07,101.58,102.96,101.26,98.91,97.76,93.48,90.93,89.87,88.67,88.46,88.60,87.63,88.09,87.52,85.19,83.13,83.13,80.89,81.40,79.85,79.86,81.26,79.28,79.06,75.74,75.07,74.88,75.69,74.71,75.31,79.87,85.42,88.81,90.45,94.12,91.99,89.27,85.58,84.57,82.29,82.26,81.08,80.21,78.13,77.39,76.96,77.57,77.22,76.65,75.53,74.14,72.68,72.56,72.78,72.50,73.04,75.66,78.65,78.49,77.36,77.92,76.64,74.36,73.95,73.46,70.94,72.28,74.48,75.01,72.72,71.34,69.07,68.15,68.29,66.53,65.23,63.99,64.50,66.12,66.92,65.18,65.14,64.00,63.79,63.80,62.29,61.49,60.60,60.34,59.96,60.14,59.96,60.63,60.88,60.06,59.52,59.86,61.39,63.05,62.20,61.35,60.04,59.49,61.08,60.77,60.26,60.07,59.87,61.06,60.90,59.43,58.32,58.17,56.75,57.45,58.88,60.21,60.10,60.99,62.63,62.21,61.12,60.15,60.21,59.91,62.49,63.80,62.91,61.95,61.12,61.05,61.05,59.95,59.06,58.72,57.25,56.19,56.19,55.64,55.26,55.94,55.73,54.09,52.36,51.90,51.84,50.63,49.89,50.26,50.38,51.03,51.26,51.16,51.19,51.56,51.53,51.85,52.08,52.14,52.47,53.04,53.97,54.24,54.37,54.29,54.40,53.16,53.12,53.17,53.06,53.36,53.59,53.60,..,0.6,0.7,-0.2,-0.6,1.6,2.0,-0.9,-2.8,-3.7,0.7,6.1,1.1,2.3,0.7,-3.1,-0.8,-2.1,-0.2,-0.4,1.4,2.8,0.0,3.9,-1.7,-4.3,-2.2,2.2,3.6,1.1,1.5,-3.1,-1.9,-3.4,2.3,-0.2,-5.5,-4.6,-6.2,-6.7,-0.3,0.3,8.7,1.9,-13.5,18.2,3.0,1.2,5.9,-1.3,6.3,4.6,2.6,-0.1,3.5,1.5,4.0,6.0,-4.8,6.5,2.9,1.2,-1.9,0.4,0.3,2.2,4.0,-0.7,-7.1,-6.4,-2.7,1.8,-0.7,-0.5,0.9,-0.4,-1.3,0.8,-2.8,0.1,1.3,0.2,0.6,-0.3,-3.8,-1.9,0.8,1.8,0.9,0.7,1.0,4.2,1.5,-2.6,-0.5,0.3,0.3,2.1,2.0,1.0,1.0,-0.6,-0.9,-1.1,0.5,-2.6,-3.5,4.6,3.6,0.0,3.9,1.5,-1.0,-1.0,3.5,2.3,0.2,1.8,-2.9,-6.2,-2.1,0.7,-1.3,-3.0,-4.3,-0.6,0.7,1.0,0.5,2.7,1.4,-3.3,-4.8,-2.9,-1.9,1.4,0.0,-0.5,0.0,0.2,0.3,-0.3,0.0,0.0,0.7,-0.7,-0.8,0.5,1.2,1.8,0.4,-1.2,-2.7,-0.6,1.7,0.1,-0.3,-2.7,-1.8,2.1,3.0,3.2,-2.4,-1.9,2.9,2.1,1.1,2.3,-0.3,0.5,0.1,0.8,-0.7,1.6,-0.5,-1.3,1.7,2.4,1.2,4.6,2.8,1.2,1.4,0.2,-0.2,1.1,-0.5,0.7,2.7,2.5,0.0,2.8,-0.6,1.9,0.0,-1.7,2.5,0.3,4.4,0.9,0.3,-1.1,1.3,-0.8,-5.7,-6.5,-3.8,-1.8,-3.9,2.3,3.0,4.3,1.2,2.8,0.0,1.5,1.1,2.7,1.0,0.6,-0.8,0.5,0.7,1.5,1.9,2.0,0.2,-0.3,0.4,-0.7,-3.5,-3.8,0.2,1.5,-0.7,1.7,3.1,0.6,0.7,3.6,-1.9,-3.0,-0.7,3.1,1.9,3.3,1.3,-0.2,2.6,2.0,1.9,-0.8,-2.5,-1.2,2.7,0.1,1.8,0.3,0.0,2.4,1.3,1.5,0.4,0.6,-0.3,0.3,-1.1,-0.4,1.4,0.9,-0.6,-2.5,-2.6,1.4,1.4,2.2,0.9,-2.6,0.5,0.8,0.3,0.3,-1.9,0.3,2.5,1.9,0.3,2.5,-1.2,-2.4,-2.2,0.2,-1.5,-2.6,0.7,1.8,1.6,-0.1,0.5,-4.1,-2.1,1.4,1.5,1.4,0.1,0.0,1.8,1.5,0.6,2.6,1.9,0.0,1.0,0.7,-1.2,0.4,3.0,3.3,0.9,0.1,2.4,1.5,-0.7,-0.2,-1.3,-0.4,0.2,-0.1,-0.7,0.1,-0.6,-0.4,-0.1,-0.6,-1.1,-1.7,-0.5,-0.2,0.1,-0.2,2.3,0.1,-0.1,0.2,-0.6,-0.4,0.0,-0.1,..,4.6,6.3,6.2,3.2,3.0,-0.8,-3.0,-2.5,1.7,8.6,7.8,5.5,2.6,-4.0,-6.7,-1.7,2.6,6.0,7.9,5.0,1.6,-4.6,-2.4,-6.2,-9.8,-10.1,-13.8,-21.2,-24.2,-24.8,-19.5,-15.4,-25.5,-8.8,-8.1,-6.9,4.3,7.9,22.2,37.0,40.9,40.5,33.8,33.3,60.3,43.7,32.8,39.7,35.8,39.3,28.6,23.4,20.7,23.4,24.0,21.3,8.5,-4.2,-2.0,-6.3,-9.5,-11.1,-8.6,-9.3,-10.8,-12.0,-17.7,-17.1,-9.6,-3.3,0.0,-2.1,-5.1,-6.5,-6.5,-4.5,-2.4,-2.5,1.3,5.4,5.6,2.6,1.5,2.0,6.4,10.7,12.0,11.1,11.2,9.9,7.8,2.3,1.3,1.3,-1.7,2.6,5.9,3.9,5.8,6.3,4.1,3.7,8.3,12.0,11.7,16.8,17.4,5.3,-0.5,0.1,-4.8,-9.0,-12.0,-11.6,-14.0,-15.1,-14.8,-14.1,-10.3,-7.4,-9.9,-13.1,-13.6,-9.7,-5.7,-5.7,-6.4,-7.1,-7.4,-10.1,-11.4,-8.4,-3.2,-1.1,0.0,-0.9,0.3,2.6,3.0,1.6,-1.4,-1.7,0.0,0.2,-0.7,-2.7,-3.7,-2.2,-0.4,1.0,-1.8,-2.5,3.2,5.9,5.3,7.6,7.6,11.2,13.4,11.9,7.8,6.2,8.2,8.8,7.5,7.8,7.9,10.3,13.7,14.5,15.9,15.3,15.9,15.3,15.3,17.6,18.9,19.0,17.6,15.6,11.7,12.5,11.0,8.9,11.8,10.8,16.3,16.6,13.8,9.8,11.3,7.4,1.9,-6.5,-10.1,-10.2,-15.8,-14.1,-15.2,-12.3,-11.5,-8.0,-9.2,-7.1,-0.4,9.3,14.8,17.5,21.3,19.1,16.5,13.3,14.1,13.2,13.4,11.4,10.6,7.0,2.3,-2.1,-1.2,-0.2,-1.6,-1.4,-0.3,-1.7,-1.2,2.6,0.3,-1.9,0.9,8.2,10.0,12.0,14.3,12.2,11.8,13.4,14.8,10.0,9.3,11.3,15.1,11.6,11.5,8.3,6.8,9.6,8.2,7.6,6.0,7.6,9.9,11.6,7.5,7.0,6.6,7.2,6.6,1.5,-2.5,-2.6,-1.6,-0.1,1.1,-1.8,-0.2,1.0,0.0,-0.6,-2.0,0.8,6.1,6.7,5.5,5.8,3.6,3.7,0.9,0.3,-1.5,-4.4,-1.8,-0.4,-1.2,-3.1,-2.9,-9.2,-10.0,-6.4,-2.8,-1.7,-0.1,2.6,3.8,3.5,2.4,5.2,6.6,11.2,14.7,13.8,10.7,9.7,12.9,16.6,15.5,13.9,16.0,14.8,11.8,11.5,9.0,7.8,9.3,8.9,4.9,1.6,0.1,-0.5,-2.9,-4.9,-5.2,-6.7,-5.9,-5.7,-5.8,-5.9,-3.0,-3.0,-2.5,-1.8,-2.3,-2.1,-1.0,0.6,1.4,1.5,2.8,3.8,1.7,2.0,1.1,1.4,3.6,4.7,4.6
Bienes industriales sin productos energéticos,..,112.38,111.96,110.81,107.27,107.54,111.46,111.73,111.61,110.73,107.10,107.50,111.18,111.37,111.28,110.45,107.04,107.38,111.14,111.46,111.28,110.51,107.08,107.53,110.82,111.14,110.84,109.21,106.42,106.37,110.21,110.35,110.29,109.65,105.54,105.46,108.46,109.10,108.06,106.56,102.49,102.50,107.06,106.97,106.32,104.81,99.59,99.64,104.23,104.75,103.36,101.18,98.01,98.44,104.45,104.90,103.98,101.61,96.56,97.12,102.91,103.70,102.39,100.27,97.53,98.12,103.80,104.37,103.62,101.26,96.29,96.76,102.74,103.61,102.49,100.45,97.35,97.81,103.90,104.46,103.63,100.88,95.75,96.45,102.65,103.35,102.14,99.98,96.76,97.33,103.48,104.04,103.28,101.03,95.79,96.27,102.44,103.25,101.97,100.11,96.71,97.20,103.45,103.93,103.15,101.19,95.50,96.18,102.54,103.41,102.29,100.52,96.44,96.93,103.37,103.88,103.14,101.07,94.90,95.47,102.30,103.21,102.04,100.14,95.93,96.56,103.04,103.49,102.78,100.87,94.52,95.11,101.90,102.74,101.84,100.35,95.70,96.27,102.85,103.43,102.91,101.19,94.74,95.36,102.20,103.11,102.30,100.81,95.88,96.48,103.12,103.65,103.25,101.47,94.76,95.31,102.37,103.14,102.44,100.88,95.05,95.76,101.00,101.47,101.00,99.51,92.91,93.55,100.31,100.95,100.36,98.90,94.15,94.56,100.77,101.10,100.78,99.24,92.68,93.27,99.82,100.40,99.72,98.72,94.08,94.41,99.97,100.26,99.98,98.66,92.39,92.96,99.29,99.66,98.29,95.63,94.76,95.12,99.02,99.36,99.07,96.43,95.44,95.94,100.41,100.83,99.76,97.11,96.00,96.14,99.77,99.99,99.63,96.80,95.95,96.15,99.95,100.21,99.21,96.55,95.53,95.75,99.55,99.76,99.30,96.40,95.64,95.88,99.59,99.80,98.79,96.11,95.06,95.17,98.84,98.96,98.37,95.59,94.58,94.67,98.25,98.43,97.41,94.73,93.50,93.64,97.28,97.41,96.94,94.12,93.16,93.35,97.06,97.23,96.27,93.79,92.80,92.89,96.43,96.49,95.90,93.05,92.21,92.38,95.86,95.94,94.90,92.74,91.81,92.04,95.36,95.52,95.07,92.50,91.57,91.62,94.56,94.69,93.38,90.71,89.82,89.96,92.91,92.96,92.54,90.33,89.53,89.78,92.06,92.12,91.00,89.02,87.65,87.88,90.26,90.35,90.06,88.64,87.18,87.30,89.47,..,..,..,..,..,..,..,..,..,..,..,..,..,..,..,..,..,..,..,..,..,..,..,..,..,..,..,..,..,..,..,..,..,..,..,..,..,..,..,..,..,..,..,..,..,..,..,..,0.4,1.0,3.3,-0.3,-3.5,-0.2,0.1,0.8,3.4,-0.4,-3.3,-0.2,0.1,0.8,3.2,-0.3,-3.4,-0.3,0.2,0.7,3.2,-0.4,-3.0,-0.3,0.3,1.5,2.6,0.0,-3.5,-0.1,0.1,0.6,3.9,0.1,-2.8,-0.6,1.0,1.4,4.0,0.0,-4.3,0.1,0.6,1.4,5.2,-0.1,-4.4,-0.5,1.3,2.2,3.2,-0.4,-5.8,-0.4,0.9,2.3,5.2,-0.6,-5.6,-0.8,1.3,2.1,2.8,-0.6,-5.5,-0.5,0.7,2.3,5.2,-0.5,-5.8,-0.8,1.1,2.0,3.2,-0.5,-5.9,-0.5,0.8,2.7,5.4,-0.7,-6.0,-0.7,1.2,2.2,3.3,-0.6,-5.9,-0.5,0.7,2.2,5.5,-0.5,-6.0,-0.8,1.3,1.9,3.5,-0.5,-6.0,-0.5,0.8,1.9,6.0,-0.7,-6.2,-0.8,1.1,1.8,4.2,-0.5,-6.2,-0.5,0.7,2.0,6.5,-0.6,-6.7,-0.9,1.1,1.9,4.4,-0.7,-6.3,-0.4,0.7,1.9,6.7,-0.6,-6.7,-0.8,0.9,1.5,4.9,-0.6,-6.4,-0.6,0.5,1.7,6.8,-0.7,-6.7,-0.9,0.8,1.5,5.1,-0.6,-6.4,-0.5,0.4,1.8,7.1,-0.6,-6.9,-0.7,0.7,1.5,6.1,-0.7,-5.2,-0.5,0.5,1.5,7.1,-0.7,-6.7,-0.6,0.6,1.5,5.0,-0.4,-6.2,-0.3,0.3,1.6,7.1,-0.6,-6.6,-0.6,0.7,1.0,4.9,-0.3,-5.6,-0.3,0.3,1.3,6.8,-0.6,-6.4,-0.4,1.4,2.8,0.9,-0.4,-3.9,-0.3,0.3,2.7,1.0,-0.5,-4.5,-0.4,1.1,2.7,1.2,-0.1,-3.6,-0.2,0.4,2.9,0.9,-0.2,-3.8,-0.3,1.0,2.8,1.1,-0.2,-3.8,-0.2,0.5,3.0,0.8,-0.3,-3.7,-0.2,1.0,2.8,1.1,-0.1,-3.7,-0.1,0.6,2.9,1.1,-0.1,-3.6,-0.2,1.0,2.8,1.3,-0.1,-3.7,-0.1,0.5,3.0,1.0,-0.2,-3.8,-0.2,1.0,2.6,1.1,-0.1,-3.7,-0.1,0.6,3.1,0.9,-0.2,-3.6,-0.1,1.1,2.3,1.0,-0.2,-3.5,-0.2,0.5,2.8,1.0,-0.1,-3.1,-0.1,1.4,2.9,1.0,-0.2,-3.2,-0.1,0.5,2.4,0.9,-0.3,-2.5,-0.1,1.2,2.2,1.6,-0.3,-2.6,-0.1,0.3,1.6,1.7,-0.1,-2.4,..,..,..,..,..,..,..,..,..,..,..,..,..,..,..,..,..,..,..,..,..,..,..,..,..,..,..,..,..,..,..,..,..,..,..,..,..,..,..,..,..,..,..,..,..,..,..,..,..,0.9,0.6,0.3,0.2,0.1,0.3,0.2,0.3,0.2,0.0,0.0,0.3,0.2,0.4,1.1,0.6,0.9,0.8,1.0,0.9,0.8,1.5,2.0,2.2,1.9,2.6,2.5,3.8,3.8,2.9,3.2,3.7,4.6,6.0,5.8,4.1,4.2,4.5,5.3,4.6,4.1,2.5,2.0,2.3,3.1,3.1,2.6,1.3,1.0,0.9,0.9,0.5,0.3,0.6,0.5,0.3,0.3,0.3,0.4,0.2,0.1,-0.1,-0.2,0.2,0.3,-0.1,-0.1,0.0,0.4,0.6,0.3,0.1,0.3,0.3,0.5,0.6,0.5,0.4,0.4,0.3,-0.1,0.0,0.2,0.2,0.1,0.2,-0.1,0.1,0.1,0.0,0.1,0.1,-0.2,0.3,0.1,-0.1,-0.2,-0.3,-0.4,0.3,0.3,0.1,0.0,0.0,0.1,0.6,0.7,0.2,0.2,0.2,0.4,0.5,0.4,0.3,0.4,0.4,0.2,0.4,0.4,0.4,0.5,0.2,-0.2,0.2,0.3,0.2,0.1,-0.1,-0.3,-0.2,-0.3,-0.3,-0.4,-0.4,-0.5,-0.2,-0.2,-0.3,-0.2,-0.3,-0.3,0.0,0.1,-0.2,0.0,-0.1,-0.1,0.9,0.8,2.1,2.1,2.2,2.0,2.0,1.9,2.1,2.2,2.1,2.0,1.0,1.3,0.2,0.4,0.2,0.3,0.2,0.3,0.5,0.5,0.6,0.2,0.1,0.2,0.8,0.8,0.8,0.6,0.3,0.3,0.5,0.7,1.5,3.2,-0.7,-0.7,1.0,0.9,0.9,2.3,-3.2,-3.1,-1.1,-1.2,-1.5,-1.5,-1.3,-1.1,-0.8,-0.6,-0.6,-0.4,-0.5,-0.2,0.5,0.6,0.6,0.6,0.5,0.4,0.2,0.2,0.3,0.4,0.3,0.3,0.4,0.4,0.4,0.5,0.5,0.6,0.7,0.8,0.9,0.8,1.1,1.3,1.4,1.4,1.4,1.5,1.7,1.6,1.6,1.6,1.5,1.6,1.5,1.4,1.2,1.2,1.2,1.0,0.8,0.8,0.9,1.0,1.1,1.1,1.0,1.1,1.3,1.3,1.4,1.1,1.1,0.9,1.1,1.0,0.9,0.6,0.7,0.8,1.4,1.3,1.6,2.2,2.2,2.3,2.6,2.8,2.7,2.4,2.3,2.0,2.7,2.8,2.6,1.9,2.5,2.4,2.9,2.9,2.8,1.9,2.7,2.8,..,..,..,..,..,..,..,..,..,..,..,..,..,..,..,..,..,..,..,..,..,..,..,..,..,..,..,..,..,..,..,..,..,..,..,..,..,..,..,..,..,..,..,..,..,..,..,..,..,..,..,..,..,..,..,..,..,..,..,..
Servicios,..,125.69,126.17,126.20,127.22,126.50,125.67,124.46,124.68,122.98,122.18,121.33,121.80,120.96,121.42,121.65,122.66,122.07,121.51,120.29,119.73,119.27,118.24,117.20,117.49,116.84,117.36,117.60,118.28,117.88,116.85,115.80,115.66,114.52,113.64,112.97,112.88,112.10,112.51,112.63,113.56,113.05,112.33,111.21,111.02,109.47,108.77,108.14,108.33,107.79,107.82,107.84,108.23,107.82,107.23,106.75,106.62,106.46,106.30,106.10,105.97,105.68,106.07,106.72,107.39,107.17,107.87,107.26,107.40,106.70,106.42,105.66,106.26,105.76,106.16,106.66,107.33,107.02,106.40,105.74,105.86,105.09,104.64,104.06,104.44,104.07,104.56,104.92,105.71,105.44,104.72,104.32,103.96,103.87,103.37,102.58,102.87,102.47,102.84,103.45,104.28,103.80,103.05,102.39,102.81,101.83,101.53,101.12,101.46,100.85,100.94,101.25,102.10,101.57,100.79,100.49,100.43,100.67,100.27,99.92,100.09,99.83,100.05,100.40,101.20,100.80,100.19,99.89,99.82,99.48,99.19,99.06,99.32,98.98,99.25,99.69,100.56,100.10,99.67,99.40,99.70,99.24,99.02,98.78,99.25,99.03,99.35,99.74,100.55,100.13,99.61,99.39,99.35,99.59,99.15,99.00,99.38,99.03,99.43,98.88,98.91,98.31,97.81,97.57,97.81,97.32,97.08,96.95,97.32,96.82,96.99,97.21,97.96,97.36,96.73,96.52,96.79,96.25,95.97,95.75,95.82,95.45,95.62,95.80,96.50,95.88,95.05,94.79,94.89,94.76,94.37,94.32,94.48,94.17,94.37,94.49,95.20,94.72,94.24,94.00,94.29,93.74,93.51,93.30,93.15,92.84,93.05,93.03,93.56,92.95,92.23,91.79,91.55,91.37,90.61,90.16,89.76,89.29,89.37,89.33,89.91,89.35,88.73,88.39,88.46,87.81,87.19,86.82,86.38,85.97,86.03,86.07,86.49,85.97,85.33,85.01,85.09,84.47,84.04,83.64,83.34,82.92,82.93,82.83,83.22,82.67,82.10,81.75,81.65,81.44,80.88,80.50,80.18,79.89,79.90,79.87,80.25,79.69,79.18,78.83,78.94,78.31,77.90,77.59,77.29,76.99,77.12,77.01,77.44,76.86,76.32,76.01,76.17,75.62,75.25,74.96,74.61,74.27,74.42,74.43,74.71,74.23,73.80,73.50,73.28,73.02,72.41,72.04,71.39,71.02,71.03,71.01,71.30,70.88,70.38,70.06,70.10,69.70,69.45,69.34,68.89,..,..,..,..,..,..,..,..,..,..,..,..,..,..,..,..,..,..,..,..,..,..,..,..,..,..,..,..,..,..,..,..,..,..,..,..,..,..,..,..,..,..,..,..,..,..,..,..,-0.4,0.0,-0.8,0.6,0.7,1.0,-0.2,1.4,0.7,0.7,-0.4,0.7,-0.4,-0.2,-0.8,0.5,0.5,1.0,0.5,0.4,0.9,0.9,-0.2,0.6,-0.4,-0.2,-0.6,0.3,0.9,0.9,0.1,1.0,0.8,0.6,0.1,0.7,-0.4,-0.1,-0.8,0.5,0.6,1.0,0.2,1.4,0.6,0.6,-0.2,0.5,0.0,0.0,-0.4,0.4,0.6,0.4,0.1,0.2,0.2,0.2,0.1,0.3,-0.4,-0.6,-0.6,0.2,-0.6,0.6,-0.1,0.7,0.3,0.7,-0.6,0.5,-0.4,-0.5,-0.6,0.3,0.6,0.6,-0.1,0.7,0.4,0.6,-0.4,0.4,-0.5,-0.3,-0.7,0.3,0.7,0.4,0.3,0.1,0.5,0.8,-0.3,0.4,-0.4,-0.6,-0.8,0.5,0.7,0.6,-0.4,1.0,0.3,0.4,-0.3,0.6,-0.1,-0.3,-0.8,0.5,0.8,0.3,0.1,-0.2,0.4,0.4,-0.2,0.3,-0.2,-0.3,-0.8,0.4,0.6,0.3,0.1,0.3,0.3,0.1,-0.3,0.3,-0.3,-0.4,-0.9,0.5,0.4,0.3,-0.3,0.5,0.2,0.2,-0.5,0.2,-0.3,-0.4,-0.8,0.4,0.5,0.2,0.0,-0.2,0.4,0.2,-0.4,0.4,-0.4,0.6,0.0,0.6,0.5,0.2,-0.2,0.5,0.2,0.1,-0.4,0.5,-0.2,-0.2,-0.8,0.6,0.7,0.2,-0.3,0.6,0.3,0.2,-0.1,0.4,-0.2,-0.2,-0.7,0.6,0.9,0.3,-0.1,0.1,0.4,0.1,-0.2,0.3,-0.2,-0.1,-0.7,0.5,0.5,0.3,-0.3,0.6,0.2,0.2,0.2,0.3,-0.2,0.0,-0.6,0.7,0.8,0.5,0.3,0.2,0.8,0.5,0.4,0.5,-0.1,0.0,-0.6,0.6,0.7,0.4,-0.1,0.7,0.7,0.4,0.5,0.5,-0.1,0.0,-0.5,0.6,0.8,0.4,-0.1,0.7,0.5,0.5,0.4,0.5,0.0,0.1,-0.5,0.7,0.7,0.4,0.1,0.3,0.7,0.5,0.4,0.4,0.0,0.0,-0.5,0.7,0.6,0.4,-0.1,0.8,0.5,0.4,0.4,0.4,-0.2,0.1,-0.6,0.8,0.7,0.4,-0.2,0.7,0.5,0.4,0.5,0.5,-0.2,0.0,-0.4,0.6,0.6,0.4,0.3,0.4,0.8,0.5,0.9,0.5,0.0,0.0,-0.4,0.6,0.7,0.5,-0.1,0.6,0.4,0.2,0.7,..,..,..,..,..,..,..,..,..,..,..,..,..,..,..,..,..,..,..,..,..,..,..,..,..,..,..,..,..,..,..,..,..,..,..,..,..,..,..,..,..,..,..,..,..,..,..,..,..,3.9,3.9,3.7,3.7,3.6,3.4,3.5,4.1,3.1,3.3,3.5,3.7,3.5,3.5,3.4,3.7,3.6,4.0,3.9,3.5,4.1,4.0,3.7,4.1,4.2,4.3,4.4,4.2,4.3,4.0,4.1,4.2,4.6,4.5,4.5,4.2,4.0,4.3,4.4,4.9,4.9,4.8,4.2,4.1,2.8,2.3,1.9,2.2,2.0,1.6,1.0,0.8,0.6,-0.6,-0.5,-0.7,-0.2,-0.1,0.4,-0.3,-0.1,-0.1,0.1,0.1,0.1,1.4,1.4,1.5,1.5,1.7,1.5,1.7,1.6,1.5,1.7,1.5,1.5,1.6,1.4,1.8,1.2,1.2,1.4,1.5,1.6,1.7,1.4,1.4,1.6,1.6,1.9,1.1,2.0,1.8,1.4,1.4,1.6,1.9,2.2,2.1,2.2,2.2,1.9,2.4,1.2,1.3,1.2,1.4,1.0,0.9,0.8,0.9,0.8,0.6,0.6,0.6,1.2,1.1,0.9,0.8,0.9,0.8,0.7,0.6,0.7,0.5,0.5,0.1,0.2,0.2,0.3,0.1,-0.1,-0.1,-0.1,0.0,0.0,0.1,0.0,0.4,-0.4,-0.1,-0.2,-0.1,0.0,-0.1,0.9,1.7,1.9,1.8,1.9,1.6,2.3,2.1,2.1,2.1,2.3,2.5,1.7,1.0,1.0,1.1,1.1,1.1,1.1,1.2,1.3,1.6,1.4,1.4,1.5,1.5,1.5,1.8,1.8,2.0,1.6,1.7,1.5,1.4,1.4,1.3,1.4,1.4,1.2,0.9,0.8,0.6,1.1,0.9,1.1,1.4,1.4,1.4,1.6,1.8,1.9,2.2,2.4,3.0,2.6,3.2,3.5,3.8,4.0,4.1,4.1,4.1,4.0,3.9,3.8,3.5,4.1,3.9,3.8,3.9,3.9,3.9,3.8,4.0,3.9,4.0,4.0,4.0,4.0,3.7,3.8,3.6,3.7,3.7,3.9,3.9,4.0,3.9,4.0,4.2,3.7,3.9,3.9,3.9,3.8,3.8,3.7,3.7,3.7,3.7,3.7,3.4,4.0,3.8,3.8,3.7,3.8,3.6,3.7,3.6,3.7,3.7,3.7,3.6,3.6,3.5,3.5,3.6,3.7,3.6,3.5,3.7,3.5,3.4,3.4,3.9,3.6,3.9,4.1,4.5,4.6,4.8,4.8,4.8,4.7,4.9,4.9,4.5,4.8,4.3,3.9,..,..,..,..,..,..,..,..,..,..,..,..,..,..,..,..,..,..,..,..,..,..,..,..,..,..,..,..,..,..,..,..,..,..,..,..,..,..,..,..,..,..,..,..,..,..,..,..,..,..,..,..,..,..,..,..,..,..,..,..
General sin alimentos no elaborados ni productos energéticos,..,124.91,125.00,124.61,124.25,123.88,124.48,123.86,123.88,122.68,121.26,120.88,121.98,121.58,121.82,121.61,121.32,121.05,121.78,121.19,120.82,120.28,118.75,118.09,118.90,118.63,118.81,118.40,117.94,117.61,118.01,117.41,117.26,116.31,114.54,113.78,114.31,113.52,113.01,112.37,111.54,111.10,111.85,111.01,110.40,108.58,106.47,105.86,107.11,106.80,106.30,105.54,104.75,104.63,106.12,105.99,105.61,104.77,103.17,103.21,104.77,104.88,104.70,104.37,103.92,103.97,106.11,106.04,105.84,104.65,102.95,102.62,104.70,104.73,104.60,104.20,103.65,103.57,105.08,104.91,104.69,103.45,101.63,101.53,103.57,103.60,103.53,103.04,102.54,102.53,103.97,103.92,103.49,102.74,100.92,100.64,102.57,102.59,102.37,102.13,101.62,101.47,102.89,102.66,102.60,101.51,99.67,99.69,101.68,101.65,101.31,100.90,99.98,99.86,101.63,101.67,101.39,100.83,98.55,98.54,100.91,101.06,100.78,100.29,99.28,99.27,101.09,101.08,100.79,99.97,97.69,97.79,100.14,100.24,100.06,99.78,98.68,98.63,100.56,100.67,100.67,99.92,97.70,97.81,100.30,100.50,100.39,100.06,98.81,98.77,100.67,100.73,100.56,100.09,97.60,97.67,100.13,100.17,100.09,99.21,97.18,97.10,98.63,98.67,98.59,97.71,95.32,95.44,97.89,97.82,97.67,97.23,95.84,95.65,97.36,97.52,97.54,96.68,94.27,94.32,96.50,96.27,96.09,95.83,94.58,94.35,95.84,95.64,95.60,95.16,92.82,93.00,95.24,95.18,94.78,93.90,93.99,93.86,94.88,94.77,94.88,93.71,93.27,93.34,94.80,94.79,94.54,93.62,93.50,93.21,94.07,93.89,93.62,92.55,91.83,91.56,92.54,92.32,91.86,90.52,90.31,90.06,90.99,90.89,90.75,89.45,88.87,88.71,89.53,89.39,89.08,88.22,88.07,87.92,88.81,88.68,88.52,87.25,86.45,86.32,87.31,87.04,86.62,85.67,85.42,85.19,86.12,85.98,85.76,84.60,83.94,83.80,84.79,84.68,84.34,83.52,83.36,83.10,83.99,83.81,83.51,82.20,81.68,81.51,82.42,82.27,81.96,81.13,81.01,80.78,81.60,81.49,81.41,80.27,79.74,79.53,80.26,80.10,79.73,78.83,78.65,78.45,79.20,79.04,78.75,77.71,77.10,76.99,77.39,77.18,76.75,75.99,75.61,75.45,75.98,75.82,75.69,75.01,74.40,74.36,74.78,..,..,..,..,..,..,..,..,..,..,..,..,..,..,..,..,..,..,..,..,..,..,..,..,..,..,..,..,..,..,..,..,..,..,..,..,..,..,..,..,..,..,..,..,..,..,..,..,-0.1,0.3,0.3,0.3,-0.5,0.5,0.0,1.0,1.2,0.3,-0.9,0.3,-0.2,0.2,0.2,0.2,-0.6,0.5,0.3,0.4,1.3,0.6,-0.7,0.2,-0.2,0.3,0.4,0.3,-0.3,0.5,0.1,0.8,1.5,0.7,-0.5,0.7,0.5,0.6,0.7,0.4,-0.7,0.8,0.6,1.7,2.0,0.6,-1.2,0.3,0.5,0.7,0.8,0.1,-1.4,0.1,0.4,0.8,1.6,0.0,-1.5,-0.1,0.2,0.3,0.4,0.0,-2.0,0.1,0.2,1.1,1.7,0.3,-2.0,0.0,0.1,0.4,0.5,0.1,-1.4,0.2,0.2,1.2,1.8,0.1,-2.0,0.0,0.1,0.5,0.5,0.0,-1.4,0.0,0.4,0.7,1.8,0.3,-1.9,0.0,0.2,0.2,0.5,0.1,-1.4,0.2,0.1,1.1,1.8,0.0,-2.0,0.0,0.3,0.4,0.9,0.1,-1.7,0.0,0.3,0.6,2.3,0.0,-2.3,-0.1,0.3,0.5,1.0,0.0,-1.8,0.0,0.3,0.8,2.3,-0.1,-2.3,-0.1,0.2,0.3,1.1,0.1,-1.9,-0.1,0.0,0.8,2.3,-0.1,-2.5,-0.2,0.1,0.3,1.3,0.0,-1.9,-0.1,0.2,0.5,2.6,-0.1,-2.5,0.0,0.1,0.9,2.1,0.1,-1.6,0.0,0.1,0.9,2.5,-0.1,-2.5,0.1,0.2,0.5,1.5,0.2,-1.8,-0.2,0.0,0.9,2.6,-0.1,-2.3,0.2,0.2,0.3,1.3,0.2,-1.6,0.2,0.0,0.5,2.5,-0.2,-2.4,0.1,0.4,0.9,-0.1,0.1,-1.1,0.1,-0.1,1.2,0.5,-0.1,-1.5,0.0,0.3,1.0,0.1,0.3,-0.9,0.2,0.3,1.2,0.8,0.3,-1.1,0.2,0.5,1.5,0.2,0.3,-1.0,0.1,0.2,1.5,0.7,0.2,-0.9,0.2,0.3,1.0,0.2,0.2,-1.0,0.1,0.2,1.5,0.9,0.2,-1.1,0.3,0.5,1.1,0.3,0.3,-1.1,0.2,0.3,1.4,0.8,0.2,-1.2,0.1,0.4,1.0,0.2,0.3,-1.1,0.2,0.4,1.6,0.6,0.2,-1.1,0.2,0.4,1.0,0.1,0.3,-1.0,0.1,0.1,1.4,0.7,0.3,-0.9,0.2,0.5,1.1,0.2,0.3,-0.9,0.2,0.4,1.3,0.8,0.1,-0.5,0.3,0.6,1.0,0.5,0.2,-0.7,0.2,0.2,0.9,0.8,0.1,-0.6,..,..,..,..,..,..,..,..,..,..,..,..,..,..,..,..,..,..,..,..,..,..,..,..,..,..,..,..,..,..,..,..,..,..,..,..,..,..,..,..,..,..,..,..,..,..,..,..,..,2.7,2.6,2.5,2.4,2.3,2.2,2.2,2.5,2.0,2.1,2.4,2.6,2.5,2.5,2.7,2.9,2.9,3.2,3.2,3.0,3.4,3.7,3.8,4.0,4.5,5.1,5.4,5.7,5.9,5.5,5.8,6.2,7.1,7.6,7.5,6.7,6.3,6.3,6.5,6.5,6.2,5.4,4.7,4.5,3.6,3.2,2.6,2.2,1.8,1.5,1.1,0.8,0.6,0.0,0.0,-0.2,0.1,0.2,0.6,0.1,0.1,0.1,0.2,0.3,0.4,1.0,1.1,1.1,1.2,1.3,1.1,1.1,1.1,1.0,1.1,1.1,1.0,1.1,1.0,1.2,0.7,0.7,0.9,1.0,1.0,1.1,0.9,0.9,1.0,1.0,1.2,0.9,1.2,1.3,1.0,0.9,0.9,1.0,1.2,1.6,1.6,1.2,1.0,1.2,0.7,1.1,1.2,0.8,0.6,0.5,0.6,0.7,0.6,0.5,0.6,0.6,0.9,0.9,0.8,0.8,0.8,0.7,0.5,0.6,0.6,0.5,0.4,0.1,0.1,0.0,0.0,-0.2,-0.3,-0.3,-0.3,-0.1,-0.1,-0.1,-0.1,0.1,-0.2,0.1,0.1,0.2,0.3,0.3,0.9,1.7,1.7,2.1,2.1,2.0,2.4,2.4,2.3,2.3,2.4,2.5,2.0,1.4,1.5,1.3,1.2,1.1,1.1,1.1,1.2,1.4,1.6,1.6,1.5,1.3,1.4,1.6,2.0,2.0,1.6,1.6,1.4,1.3,1.1,1.4,2.1,0.6,0.5,1.0,0.9,0.8,1.5,-0.5,-0.4,0.5,0.4,0.3,0.3,0.5,0.7,0.9,0.9,1.3,1.3,1.6,1.9,2.4,2.7,2.9,3.4,3.5,3.5,3.4,3.3,3.2,3.5,3.3,3.2,3.4,3.3,3.1,2.6,2.5,2.4,2.5,2.5,2.5,2.5,2.8,2.8,2.5,2.7,2.8,3.0,3.1,3.2,3.1,3.1,3.2,3.1,3.0,3.0,3.0,2.8,2.7,2.6,2.5,2.5,2.5,2.6,2.7,2.9,2.8,2.8,2.9,2.9,2.9,2.9,2.9,2.9,2.9,2.8,2.6,2.4,2.4,2.5,2.7,2.7,2.8,2.9,3.0,3.0,3.0,3.1,3.4,3.3,3.4,3.3,3.7,3.8,3.9,3.7,4.0,4.0,4.2,4.2,4.0,3.6,3.6,3.5,..,..,..,..,..,..,..,..,..,..,..,..,..,..,..,..,..,..,..,..,..,..,..,..,..,..,..,..,..,..,..,..,..,..,..,..,..,..,..,..,..,..,..,..,..,..,..,..,..,..,..,..,..,..,..,..,..,..,..,..
,,,,,,,,,,,,,,,,,,,,,,,,,,,,,,,,,,,,,,,,,,,,,,,,,,,,,,,,,,,,,,,,,,,,,,,,,,,,,,,,,,,,,,,,,,,,,,,,,,,,,,,,,,,,,,,,,,,,,,,,,,,,,,,,,,,,,,,,,,,,,,,,,,,,,,,,,,,,,,,,,,,,,,,,,,,,,,,,,,,,,,,,,,,,,,,,,,,,,,,,,,,,,,,,,,,,,,,,,,,,,,,,,,,,,,,,,,,,,,,,,,,,,,,,,,,,,,,,,,,,,,,,,,,,,,,,,,,,,,,,,,,,,,,,,,,,,,,,,,,,,,,,,,,,,,,,,,,,,,,,,,,,,,,,,,,,,,,,,,,,,,,,,,,,,,,,,,,,,,,,,,,,,,,,,,,,,,,,,,,,,,,,,,,,,,,,,,,,,,,,,,,,,,,,,,,,,,,,,,,,,,,,,,,,,,,,,,,,,,,,,,,,,,,,,,,,,,,,,,,,,,,,,,,,,,,,,,,,,,,,,,,,,,,,,,,,,,,,,,,,,,,,,,,,,,,,,,,,,,,,,,,,,,,,,,,,,,,,,,,,,,,,,,,,,,,,,,,,,,,,,,,,,,,,,,,,,,,,,,,,,,,,,,,,,,,,,,,,,,,,,,,,,,,,,,,,,,,,,,,,,,,,,,,,,,,,,,,,,,,,,,,,,,,,,,,,,,,,,,,,,,,,,,,,,,,,,,,,,,,,,,,,,,,,,,,,,,,,,,,,,,,,,,,,,,,,,,,,,,,,,,,,,,,,,,,,,,,,,,,,,,,,,,,,,,,,,,,,,,,,,,,,,,,,,,,,,,,,,,,,,,,,,,,,,,,,,,,,,,,,,,,,,,,,,,,,,,,,,,,,,,,,,,,,,,,,,,,,,,,,,,,,,,,,,,,,,,,,,,,,,,,,,,,,,,,,,,,,,,,,,,,,,,,,,,,,,,,,,,,,,,,,,,,,,,,,,,,,,,,,,,,,,,,,,,,,,,,,,,,,,,,,,,,,,,,,,,,,,,,,,,,,,,,,,,,,,,,,,,,,,,,,,,,,,,,,,,,,,,,,,,,,,,,,,,,,,,,,,,,,,,,,,,,,,,,,,,,,,,,,,,,,
,,,,,,,,,,,,,,,,,,,,,,,,,,,,,,,,,,,,,,,,,,,,,,,,,,,,,,,,,,,,,,,,,,,,,,,,,,,,,,,,,,,,,,,,,,,,,,,,,,,,,,,,,,,,,,,,,,,,,,,,,,,,,,,,,,,,,,,,,,,,,,,,,,,,,,,,,,,,,,,,,,,,,,,,,,,,,,,,,,,,,,,,,,,,,,,,,,,,,,,,,,,,,,,,,,,,,,,,,,,,,,,,,,,,,,,,,,,,,,,,,,,,,,,,,,,,,,,,,,,,,,,,,,,,,,,,,,,,,,,,,,,,,,,,,,,,,,,,,,,,,,,,,,,,,,,,,,,,,,,,,,,,,,,,,,,,,,,,,,,,,,,,,,,,,,,,,,,,,,,,,,,,,,,,,,,,,,,,,,,,,,,,,,,,,,,,,,,,,,,,,,,,,,,,,,,,,,,,,,,,,,,,,,,,,,,,,,,,,,,,,,,,,,,,,,,,,,,,,,,,,,,,,,,,,,,,,,,,,,,,,,,,,,,,,,,,,,,,,,,,,,,,,,,,,,,,,,,,,,,,,,,,,,,,,,,,,,,,,,,,,,,,,,,,,,,,,,,,,,,,,,,,,,,,,,,,,,,,,,,,,,,,,,,,,,,,,,,,,,,,,,,,,,,,,,,,,,,,,,,,,,,,,,,,,,,,,,,,,,,,,,,,,,,,,,,,,,,,,,,,,,,,,,,,,,,,,,,,,,,,,,,,,,,,,,,,,,,,,,,,,,,,,,,,,,,,,,,,,,,,,,,,,,,,,,,,,,,,,,,,,,,,,,,,,,,,,,,,,,,,,,,,,,,,,,,,,,,,,,,,,,,,,,,,,,,,,,,,,,,,,,,,,,,,,,,,,,,,,,,,,,,,,,,,,,,,,,,,,,,,,,,,,,,,,,,,,,,,,,,,,,,,,,,,,,,,,,,,,,,,,,,,,,,,,,,,,,,,,,,,,,,,,,,,,,,,,,,,,,,,,,,,,,,,,,,,,,,,,,,,,,,,,,,,,,,,,,,,,,,,,,,,,,,,,,,,,,,,,,,,,,,,,,,,,,,,,,,,,,,,,,,,,,,,,,,,,,,,,,,,,,,,,,,,,,,,,,,,,,,,,,,,
Notas:,,,,,,,,,,,,,,,,,,,,,,,,,,,,,,,,,,,,,,,,,,,,,,,,,,,,,,,,,,,,,,,,,,,,,,,,,,,,,,,,,,,,,,,,,,,,,,,,,,,,,,,,,,,,,,,,,,,,,,,,,,,,,,,,,,,,,,,,,,,,,,,,,,,,,,,,,,,,,,,,,,,,,,,,,,,,,,,,,,,,,,,,,,,,,,,,,,,,,,,,,,,,,,,,,,,,,,,,,,,,,,,,,,,,,,,,,,,,,,,,,,,,,,,,,,,,,,,,,,,,,,,,,,,,,,,,,,,,,,,,,,,,,,,,,,,,,,,,,,,,,,,,,,,,,,,,,,,,,,,,,,,,,,,,,,,,,,,,,,,,,,,,,,,,,,,,,,,,,,,,,,,,,,,,,,,,,,,,,,,,,,,,,,,,,,,,,,,,,,,,,,,,,,,,,,,,,,,,,,,,,,,,,,,,,,,,,,,,,,,,,,,,,,,,,,,,,,,,,,,,,,,,,,,,,,,,,,,,,,,,,,,,,,,,,,,,,,,,,,,,,,,,,,,,,,,,,,,,,,,,,,,,,,,,,,,,,,,,,,,,,,,,,,,,,,,,,,,,,,,,,,,,,,,,,,,,,,,,,,,,,,,,,,,,,,,,,,,,,,,,,,,,,,,,,,,,,,,,,,,,,,,,,,,,,,,,,,,,,,,,,,,,,,,,,,,,,,,,,,,,,,,,,,,,,,,,,,,,,,,,,,,,,,,,,,,,,,,,,,,,,,,,,,,,,,,,,,,,,,,,,,,,,,,,,,,,,,,,,,,,,,,,,,,,,,,,,,,,,,,,,,,,,,,,,,,,,,,,,,,,,,,,,,,,,,,,,,,,,,,,,,,,,,,,,,,,,,,,,,,,,,,,,,,,,,,,,,,,,,,,,,,,,,,,,,,,,,,,,,,,,,,,,,,,,,,,,,,,,,,,,,,,,,,,,,,,,,,,,,,,,,,,,,,,,,,,,,,,,,,,,,,,,,,,,,,,,,,,,,,,,,,,,,,,,,,,,,,,,,,,,,,,,,,,,,,,,,,,,,,,,,,,,,,,,,,,,,,,,,,,,,,,,,,,,,,,,,,,,,,,,,,,,,,,,,,,,,,,,,,,,,,,
"Desde enero de 2019, Eurostat comienza a calcular los grupos especiales del I PCA agregando las subclases a 5 dígitos de la ECOICOP. Hasta diciembre de 201 8, los cálculos se realizaban con los 4 dígitos de la ECOICOP. Las series his tóricas de los grupos especiales calculados a partir de los 4 dígitos continú an disponibles en el apartado Series con bases anteriores. Se han recalculado  las series agregando las subclases a 5 dígitos desde enero de 2017",,,,,,,,,,,,,,,,,,,,,,,,,,,,,,,,,,,,,,,,,,,,,,,,,,,,,,,,,,,,,,,,,,,,,,,,,,,,,,,,,,,,,,,,,,,,,,,,,,,,,,,,,,,,,,,,,,,,,,,,,,,,,,,,,,,,,,,,,,,,,,,,,,,,,,,,,,,,,,,,,,,,,,,,,,,,,,,,,,,,,,,,,,,,,,,,,,,,,,,,,,,,,,,,,,,,,,,,,,,,,,,,,,,,,,,,,,,,,,,,,,,,,,,,,,,,,,,,,,,,,,,,,,,,,,,,,,,,,,,,,,,,,,,,,,,,,,,,,,,,,,,,,,,,,,,,,,,,,,,,,,,,,,,,,,,,,,,,,,,,,,,,,,,,,,,,,,,,,,,,,,,,,,,,,,,,,,,,,,,,,,,,,,,,,,,,,,,,,,,,,,,,,,,,,,,,,,,,,,,,,,,,,,,,,,,,,,,,,,,,,,,,,,,,,,,,,,,,,,,,,,,,,,,,,,,,,,,,,,,,,,,,,,,,,,,,,,,,,,,,,,,,,,,,,,,,,,,,,,,,,,,,,,,,,,,,,,,,,,,,,,,,,,,,,,,,,,,,,,,,,,,,,,,,,,,,,,,,,,,,,,,,,,,,,,,,,,,,,,,,,,,,,,,,,,,,,,,,,,,,,,,,,,,,,,,,,,,,,,,,,,,,,,,,,,,,,,,,,,,,,,,,,,,,,,,,,,,,,,,,,,,,,,,,,,,,,,,,,,,,,,,,,,,,,,,,,,,,,,,,,,,,,,,,,,,,,,,,,,,,,,,,,,,,,,,,,,,,,,,,,,,,,,,,,,,,,,,,,,,,,,,,,,,,,,,,,,,,,,,,,,,,,,,,,,,,,,,,,,,,,,,,,,,,,,,,,,,,,,,,,,,,,,,,,,,,,,,,,,,,,,,,,,,,,,,,,,,,,,,,,,,,,,,,,,,,,,,,,,,,,,,,,,,,,,,,,,,,,,,,,,,,,,,,,,,,,,,,,,,,,,,,,,,,,,,,,,,,,,,,,,,,,,,,,,,,,,,,,,,,,,,,,,,,,,,,,,,,,,,,,,,,,,,,,,,,,,,,,,,,,,,,,,,,,,,,,,,,,,,,,,,,
		,,,,,,,,,,,,,,,,,,,,,,,,,,,,,,,,,,,,,,,,,,,,,,,,,,,,,,,,,,,,,,,,,,,,,,,,,,,,,,,,,,,,,,,,,,,,,,,,,,,,,,,,,,,,,,,,,,,,,,,,,,,,,,,,,,,,,,,,,,,,,,,,,,,,,,,,,,,,,,,,,,,,,,,,,,,,,,,,,,,,,,,,,,,,,,,,,,,,,,,,,,,,,,,,,,,,,,,,,,,,,,,,,,,,,,,,,,,,,,,,,,,,,,,,,,,,,,,,,,,,,,,,,,,,,,,,,,,,,,,,,,,,,,,,,,,,,,,,,,,,,,,,,,,,,,,,,,,,,,,,,,,,,,,,,,,,,,,,,,,,,,,,,,,,,,,,,,,,,,,,,,,,,,,,,,,,,,,,,,,,,,,,,,,,,,,,,,,,,,,,,,,,,,,,,,,,,,,,,,,,,,,,,,,,,,,,,,,,,,,,,,,,,,,,,,,,,,,,,,,,,,,,,,,,,,,,,,,,,,,,,,,,,,,,,,,,,,,,,,,,,,,,,,,,,,,,,,,,,,,,,,,,,,,,,,,,,,,,,,,,,,,,,,,,,,,,,,,,,,,,,,,,,,,,,,,,,,,,,,,,,,,,,,,,,,,,,,,,,,,,,,,,,,,,,,,,,,,,,,,,,,,,,,,,,,,,,,,,,,,,,,,,,,,,,,,,,,,,,,,,,,,,,,,,,,,,,,,,,,,,,,,,,,,,,,,,,,,,,,,,,,,,,,,,,,,,,,,,,,,,,,,,,,,,,,,,,,,,,,,,,,,,,,,,,,,,,,,,,,,,,,,,,,,,,,,,,,,,,,,,,,,,,,,,,,,,,,,,,,,,,,,,,,,,,,,,,,,,,,,,,,,,,,,,,,,,,,,,,,,,,,,,,,,,,,,,,,,,,,,,,,,,,,,,,,,,,,,,,,,,,,,,,,,,,,,,,,,,,,,,,,,,,,,,,,,,,,,,,,,,,,,,,,,,,,,,,,,,,,,,,,,,,,,,,,,,,,,,,,,,,,,,,,,,,,,,,,,,,,,,,,,,,,,,,,,,,,,,,,,,,,,,,,,,,,,,,,,,,,,,,,,,,,,,,,,,,,,,,,,,,,,,
,,,,,,,,,,,,,,,,,,,,,,,,,,,,,,,,,,,,,,,,,,,,,,,,,,,,,,,,,,,,,,,,,,,,,,,,,,,,,,,,,,,,,,,,,,,,,,,,,,,,,,,,,,,,,,,,,,,,,,,,,,,,,,,,,,,,,,,,,,,,,,,,,,,,,,,,,,,,,,,,,,,,,,,,,,,,,,,,,,,,,,,,,,,,,,,,,,,,,,,,,,,,,,,,,,,,,,,,,,,,,,,,,,,,,,,,,,,,,,,,,,,,,,,,,,,,,,,,,,,,,,,,,,,,,,,,,,,,,,,,,,,,,,,,,,,,,,,,,,,,,,,,,,,,,,,,,,,,,,,,,,,,,,,,,,,,,,,,,,,,,,,,,,,,,,,,,,,,,,,,,,,,,,,,,,,,,,,,,,,,,,,,,,,,,,,,,,,,,,,,,,,,,,,,,,,,,,,,,,,,,,,,,,,,,,,,,,,,,,,,,,,,,,,,,,,,,,,,,,,,,,,,,,,,,,,,,,,,,,,,,,,,,,,,,,,,,,,,,,,,,,,,,,,,,,,,,,,,,,,,,,,,,,,,,,,,,,,,,,,,,,,,,,,,,,,,,,,,,,,,,,,,,,,,,,,,,,,,,,,,,,,,,,,,,,,,,,,,,,,,,,,,,,,,,,,,,,,,,,,,,,,,,,,,,,,,,,,,,,,,,,,,,,,,,,,,,,,,,,,,,,,,,,,,,,,,,,,,,,,,,,,,,,,,,,,,,,,,,,,,,,,,,,,,,,,,,,,,,,,,,,,,,,,,,,,,,,,,,,,,,,,,,,,,,,,,,,,,,,,,,,,,,,,,,,,,,,,,,,,,,,,,,,,,,,,,,,,,,,,,,,,,,,,,,,,,,,,,,,,,,,,,,,,,,,,,,,,,,,,,,,,,,,,,,,,,,,,,,,,,,,,,,,,,,,,,,,,,,,,,,,,,,,,,,,,,,,,,,,,,,,,,,,,,,,,,,,,,,,,,,,,,,,,,,,,,,,,,,,,,,,,,,,,,,,,,,,,,,,,,,,,,,,,,,,,,,,,,,,,,,,,,,,,,,,,,,,,,,,,,,,,,,,,,,,,,,,,,,,,,,,,,,,,,,,,,,,,,,,,,,,,,
Fuente: ,,,,,,,,,,,,,,,,,,,,,,,,,,,,,,,,,,,,,,,,,,,,,,,,,,,,,,,,,,,,,,,,,,,,,,,,,,,,,,,,,,,,,,,,,,,,,,,,,,,,,,,,,,,,,,,,,,,,,,,,,,,,,,,,,,,,,,,,,,,,,,,,,,,,,,,,,,,,,,,,,,,,,,,,,,,,,,,,,,,,,,,,,,,,,,,,,,,,,,,,,,,,,,,,,,,,,,,,,,,,,,,,,,,,,,,,,,,,,,,,,,,,,,,,,,,,,,,,,,,,,,,,,,,,,,,,,,,,,,,,,,,,,,,,,,,,,,,,,,,,,,,,,,,,,,,,,,,,,,,,,,,,,,,,,,,,,,,,,,,,,,,,,,,,,,,,,,,,,,,,,,,,,,,,,,,,,,,,,,,,,,,,,,,,,,,,,,,,,,,,,,,,,,,,,,,,,,,,,,,,,,,,,,,,,,,,,,,,,,,,,,,,,,,,,,,,,,,,,,,,,,,,,,,,,,,,,,,,,,,,,,,,,,,,,,,,,,,,,,,,,,,,,,,,,,,,,,,,,,,,,,,,,,,,,,,,,,,,,,,,,,,,,,,,,,,,,,,,,,,,,,,,,,,,,,,,,,,,,,,,,,,,,,,,,,,,,,,,,,,,,,,,,,,,,,,,,,,,,,,,,,,,,,,,,,,,,,,,,,,,,,,,,,,,,,,,,,,,,,,,,,,,,,,,,,,,,,,,,,,,,,,,,,,,,,,,,,,,,,,,,,,,,,,,,,,,,,,,,,,,,,,,,,,,,,,,,,,,,,,,,,,,,,,,,,,,,,,,,,,,,,,,,,,,,,,,,,,,,,,,,,,,,,,,,,,,,,,,,,,,,,,,,,,,,,,,,,,,,,,,,,,,,,,,,,,,,,,,,,,,,,,,,,,,,,,,,,,,,,,,,,,,,,,,,,,,,,,,,,,,,,,,,,,,,,,,,,,,,,,,,,,,,,,,,,,,,,,,,,,,,,,,,,,,,,,,,,,,,,,,,,,,,,,,,,,,,,,,,,,,,,,,,,,,,,,,,,,,,,,,,,,,,,,,,,,,,,,,,,,,,,,,,,,,,,,,,,,,,,,,,,,,,,,,,,,,,,,,,,,,,,,,
